mfcc_0,mfcc_1,mfcc_2,mfcc_3,mfcc_4,mfcc_5,mfcc_6,mfcc_7,mfcc_8,mfcc_9,mfcc_10,mfcc_11,mfcc_12,mfcc_13,mfcc_14,mfcc_15,mfcc_16,mfcc_17,mfcc_18,mfcc_19,mfcc_20,mfcc_21,mfcc_22,mfcc_23,mfcc_24,mfcc_25,mfcc_26,mfcc_27,mfcc_28,mfcc_29,mfcc_30,mfcc_31,mfcc_32,mfcc_33,mfcc_34,mfcc_35,mfcc_36,mfcc_37,mfcc_38,mfcc_39,mfcc_40,mfcc_41,mfcc_42,mfcc_43,mfcc_44,mfcc_45,mfcc_46,mfcc_47,mfcc_48,mfcc_49,mfcc_50,mfcc_51,mfcc_52,mfcc_53,mfcc_54,mfcc_55,mfcc_56,mfcc_57,mfcc_58,mfcc_59,mfcc_60,mfcc_61,mfcc_62,mfcc_63,mfcc_64,mfcc_65,mfcc_66,mfcc_67,mfcc_68,mfcc_69,mfcc_70,mfcc_71,mfcc_72,mfcc_73,mfcc_74,mfcc_75,mfcc_76,mfcc_77,mfcc_78,mfcc_79,mfcc_80,mfcc_81,mfcc_82,mfcc_83,mfcc_84,mfcc_85,mfcc_86,mfcc_87,mfcc_88,mfcc_89,mfcc_90,mfcc_91,mfcc_92,mfcc_93,mfcc_94,mfcc_95,mfcc_96,mfcc_97,mfcc_98,mfcc_99,mfcc_100,mfcc_101,mfcc_102,mfcc_103,mfcc_104,mfcc_105,mfcc_106,mfcc_107,mfcc_108,mfcc_109,mfcc_110,mfcc_111,mfcc_112,mfcc_113,mfcc_114,mfcc_115,mfcc_116,mfcc_117,mfcc_118,mfcc_119,Ragas
-172.41191,161.97446,-57.30545,0.43844852,-40.401257,-15.857529,-12.915153,-27.621256,-25.575113,-36.12142,-10.351652,-10.884801,-0.9992371,-2.5962799,-7.4986544,8.967973,-10.189127,-11.138967,-6.0901423,-17.526619,-15.13852,-7.054657,-9.559604,-20.328327,-13.02053,-4.8076015,-6.7148128,-7.6068664,-6.4772,-2.6260703,-1.1923895,-3.1422086,-7.105134,0.3965811,0.5212736,-3.6642907,7.176035,1.3973057,-3.691235,-0.89141524,-0.104490824,0.021897562,-0.0059105633,-0.012156151,0.008698307,-0.008278669,0.007275494,-0.011577698,0.009870253,-0.01995556,0.007864084,0.0034870931,0.019585242,-0.0012804394,-0.0060540484,-0.01418277,-0.00018158444,-0.004310315,0.0018826291,-0.0063194446,-0.002560152,-0.010958484,-0.011225189,-0.0052462895,0.006458367,-0.003999925,-0.006469797,-0.00498942,0.0018453972,-0.00040340284,-0.0058764913,0.0036101546,-0.003757667,0.0026046166,0.012736741,0.0073194653,-0.0022699605,0.0006929902,-0.0039994824,-0.0045605567,0.011749269,-0.02328419,0.022777429,-0.0021133446,0.014118882,0.010745171,-0.0009901149,0.014899605,-0.0026089451,0.009369488,-0.0021566572,0.008979001,0.0004400883,0.00787966,6.9679327e-06,-0.0004835595,0.004022383,0.0047238087,0.0012741169,0.003433982,-0.0023492058,0.0036538527,-0.0011188777,0.0044767335,0.0021097444,0.0019038317,0.0010220953,-0.00045995004,0.0024042816,0.0009513294,-0.00058465305,-0.0014086335,-0.0012216596,0.0016589303,0.0025968356,-0.00083041616,-0.0026102024,-0.0022465934,0.00023689281,9.043715e-05,Asavari
-173.4348,167.44377,-89.46307,8.981367,-43.70432,-4.7620163,-5.74526,-15.600221,-11.020108,-27.274714,1.4942195,-13.718628,-8.465406,-10.509384,-10.404137,-0.6187611,-20.26146,-11.285711,-12.066501,-15.139437,-12.0705,-8.880107,-12.392055,-21.265303,-6.499813,-2.5987847,-8.285398,-11.178033,-6.1605473,-4.793554,-7.70911,-1.645868,-5.3965545,2.1234896,3.5186827,-3.424823,2.0604231,-1.4429656,-3.0176218,-2.9362044,-0.11387764,0.018671349,0.048727192,-0.01020907,-0.010950843,-0.018771203,0.006681597,0.007582693,0.006174978,-0.01689692,0.015202645,0.027486041,-0.00924463,-0.021012427,-0.006956458,-0.005867192,0.00515164,0.0049541085,0.018883318,-0.00534659,-0.000770779,-0.009321511,-0.0055623148,0.007201828,-0.005016852,0.0037542626,0.009983672,0.0010037168,0.014119423,0.0007389502,-0.022014022,-0.003909004,0.0007027578,-0.0018461851,0.0066858567,0.0073663597,-0.0052371854,-0.007328202,-0.000104640036,0.006610541,-0.0046743792,-0.014434675,0.025596654,-0.016021254,0.011218783,-0.0016868452,-0.013703857,0.0063085514,-0.0035937957,0.017957974,-0.007692525,0.0011551682,0.004302865,0.006553831,-0.0076103522,-0.0045136646,-0.0063564945,0.0005575959,0.0014774164,0.0060187923,-0.00097509293,0.0057592117,0.0017467337,0.0035962355,0.0016637765,-9.896405e-05,-0.0035941147,0.0019214684,-0.0022424064,-0.0034577027,0.00085154304,0.0029263182,0.0032871347,-0.00054473884,-0.0030768544,-0.0047607413,0.00023481969,-0.0034895192,-0.002840531,0.0006845435,Asavari
-176.05113,172.17015,-85.88918,7.7443357,-41.669765,-9.856431,-4.611432,-15.688745,-8.907205,-28.421295,-0.068298616,-11.960227,-9.872258,-5.621786,-10.89466,1.0903808,-16.425516,-12.216672,-9.924642,-15.783428,-12.530962,-8.293963,-5.958031,-19.699194,-15.165169,-5.411979,-5.109015,-8.273054,-8.793235,-4.8583207,-8.733379,-3.9127505,-5.828875,-4.6015973,3.8937972,-2.8543556,-1.4792714,0.27810964,-2.3264232,-2.999846,-0.09934164,0.008012831,0.04778444,-0.013645735,-0.004729991,-0.015567977,0.009425598,0.0037463761,0.0035816086,-0.018572757,0.0039330367,0.017093763,-0.0035010262,-0.019712063,-0.0059021926,-0.008229991,0.0045265937,-0.0006457491,0.009232273,-0.00026647522,0.0009370692,-0.0013704296,-0.0055422066,0.007957607,-0.0032199312,-0.0021877273,0.0062714876,-0.0011547757,0.0056361016,0.015397102,-0.010783441,-0.0072721317,0.00033238524,-0.005164661,-0.0035104563,0.0075469906,-0.00088654447,-0.006238056,-0.004567618,0.0014272423,-0.002916687,-0.024817286,0.020900236,-0.014333588,0.007976917,-0.00046260262,-0.012324031,0.0069246134,-0.0047671604,0.01505902,-0.00433659,-0.0017082696,0.0029294256,0.006669208,-0.0014341668,-0.00080544245,-0.0002449652,4.7890386e-05,-0.0024583393,0.003024464,-0.0015691598,0.004814844,0.002837537,0.0008265989,0.0029391225,-2.7762664e-05,-0.001897216,0.0058346363,0.00053642853,-0.007964546,-0.0003813754,-0.0035589868,0.001957001,0.0048820646,-0.0019613572,-0.0031234042,0.002211534,-0.00045050817,-0.0031966001,-0.0010160289,Asavari
-206.22495,161.25066,-61.599213,-3.8250542,-30.977472,-10.737965,-22.288088,-14.938829,-31.220905,-16.35578,7.229486,-19.154554,-5.9241676,-9.453686,-2.8622255,-8.556621,-15.682661,-4.112714,-14.6583185,-12.701842,-13.807983,-18.343645,-9.748311,-2.0327857,-3.055048,-9.658707,-3.2476811,-0.5767484,-13.413292,-6.3353176,-0.2477106,-1.8044422,0.52866423,-4.8725505,2.2348373,2.795002,0.75605893,4.6576085,2.8689828,6.6228166,-0.028058711,-0.037785765,-0.008457536,-0.026350865,-0.021230545,0.008197692,0.014985564,0.013999683,-0.003748394,-0.008048954,0.014331556,0.006484168,-0.025411444,-0.0030324587,0.0046687666,-0.015651679,-0.0020025533,-0.0118560605,-0.0021180734,0.011369597,-0.0043587615,-0.0059360825,0.0062546153,-0.014339976,-0.0072095357,0.012208893,-0.013491025,0.018475369,0.01650939,0.013420104,0.005435926,-0.008920227,0.0022021106,0.0006044265,0.007238288,0.0006549106,0.005600337,-0.00888853,0.0057206284,-0.0016816945,0.013899133,-0.01533816,0.014575307,0.00011442939,0.0073817885,0.013787266,0.005081144,0.0067447834,0.012821874,0.0039925016,0.00077131466,0.014561577,0.002420192,0.009351547,0.0016092771,0.008418747,0.011683389,0.0028808217,0.0066526895,0.0068611843,0.006399122,0.004572977,0.0014978831,-0.00042050466,-0.0009749856,0.0067726397,0.003212715,0.009205519,-0.0006500466,-0.0009636157,-0.0043321094,-0.005811688,0.0019164922,0.004068282,0.0036827934,-0.0017740986,-0.006456753,-0.0003068848,0.0036529116,0.0030459955,Asavari
-159.22362,168.45213,-58.101917,3.1901326,-19.297815,-10.3144,-18.241636,-32.83775,-31.760565,-27.472492,-5.319065,-22.143682,-8.6432295,-1.1995046,-10.33613,-4.4604435,-14.883832,-3.830784,0.83784056,-8.388601,-11.062033,-11.763781,-12.681712,-19.868647,-12.405126,-7.5506907,-11.474847,-5.885329,-1.7989538,-3.7974446,-0.63314724,-0.2972061,-5.6477876,0.8235086,1.5413623,0.5309539,0.5202952,-7.2180123,-1.3594544,-0.6833231,-0.07772369,-0.025898743,0.016486261,-0.009552396,0.015752072,0.0026422306,-0.0039309124,0.0038535253,0.007084517,0.0047525656,-0.006864755,0.0005702572,0.004201102,-0.008800268,-0.0027550887,0.0028295293,-0.001319457,-9.335147e-05,0.012180053,0.015738692,0.0006616728,0.0033053043,-0.006637298,-0.008699139,0.0029745842,-0.0032868325,0.007813929,0.018101076,0.000749665,0.0045588175,0.004064342,0.0039179674,0.0005349539,0.0046136924,0.004053723,-0.001953474,0.0022743244,-0.0066769295,-0.0008618458,-0.002807688,0.008783191,0.008025886,0.017035602,0.002817521,0.010092802,0.009953614,0.0067579956,0.013119872,0.0062251007,0.013128194,0.008229297,0.010984216,-0.0013714273,0.0048255604,0.006062421,0.00077844213,0.010166467,0.0044585443,0.004271911,0.005337284,0.0013396887,0.0058595864,0.0013153995,0.004263899,0.006056941,0.002613078,0.002329921,0.0013826864,0.0032357993,0.00015091126,0.0063052457,0.0016103153,0.0027598103,0.0010755165,-0.0062177433,0.0021382398,0.0004768953,0.0038004515,0.0017372776,0.0026166637,Asavari
-354.72348,48.125008,-10.033198,30.40701,-14.982314,9.409647,-1.9128798,-0.099999346,4.097563,0.2231959,-6.9423485,-11.177232,-5.664166,3.6692321,-8.007811,10.538877,3.7644465,13.861884,5.3673215,1.6253428,-6.2604427,3.2255917,2.5548084,7.055757,6.0977373,-1.8932791,3.427784,7.7772965,2.2358034,6.6763725,-1.7158083,1.7344822,4.8558054,5.832806,0.72566134,1.8570974,0.21626714,0.1461763,-5.1776934,-1.292914,0.11575137,0.038103826,-0.019924251,0.0042996933,-0.024887802,0.0062903636,-0.0064255144,-0.024096621,0.010925127,0.0065047503,-0.013199073,-0.010318137,-0.020160614,-0.007758088,-0.008748399,0.002173326,-0.007121835,0.00021518147,-0.0047714133,-0.007159897,-0.010135678,-0.0055654007,-0.0013649826,-0.00023334353,0.005986728,-0.018602936,-0.008733876,0.0077097756,0.013757425,0.029003471,0.026813589,0.023527965,0.016212394,-0.016283242,-0.006435285,0.00095906307,0.00443793,0.0100373635,-0.0070229564,-0.017882532,0.006379559,0.008633541,0.009556444,-0.0006787106,-0.001002769,-0.005110573,0.0018775426,0.004121537,-0.0024223067,-0.00505828,-0.002688876,-0.002797292,-0.009272629,-0.0024764906,0.0030505147,0.005747959,0.0010608664,-0.0063012517,-0.004288402,-0.0021461602,0.0028482361,0.0037931625,0.005536398,0.0059269294,0.0010223216,0.0012076623,0.003793961,-0.00011566959,-0.0045551043,-0.0028140163,-0.0031988334,-0.007680978,-0.0073516397,0.0021343152,0.0015588934,0.0028400836,-0.0028103073,-0.0003600938,0.0021593904,-0.00012765682,Asavari
-574.8158,78.271065,-9.05508,35.2709,-7.8736897,13.237012,-5.3793187,2.785889,1.2401043,12.259891,-1.7185622,-2.3740113,-12.382594,8.921735,-11.637151,0.36992612,0.7841396,7.121905,8.092344,15.918228,6.677059,8.14355,1.1739504,2.6015854,-0.56923544,6.05922,4.534341,3.6072366,4.2607937,3.2688386,0.2955548,8.466405,0.36055726,2.8041222,-0.77809685,1.5583154,2.1166396,-2.2105515,2.5204601,3.2652493,-0.12712318,0.028215187,-0.015633125,0.011502171,0.011066693,0.0038251674,-0.0011917957,-0.011054862,0.013073049,-0.005289228,-0.0070627877,-0.0052605234,-0.0016726286,-0.01240715,-0.001985072,0.00534265,0.0042425725,-0.013388395,-0.009590557,-0.00037292624,0.0142143695,0.011280919,0.02246539,0.018902635,0.014603825,-0.0052084103,-0.012629711,-0.0074712303,0.007956322,0.007164861,-0.007935663,-0.006955433,-0.0012234291,-0.0016186336,0.011619868,0.002637121,-0.013004901,-0.0072819623,0.0059860484,0.00020029722,0.09422758,0.0023568552,0.0094744535,-0.005534715,-0.017360812,-0.013311785,-0.002816653,0.0012685987,-0.0057055634,-0.0050432757,0.0058775316,0.0073857103,-0.0052158,-9.5931955e-06,0.0055506555,0.0015608874,-0.00013580703,-0.0014632938,0.0012372603,0.0019292118,-0.009936524,-0.008603819,-0.009079824,-0.002259774,2.3973775e-05,0.005347516,0.0005647589,-0.0021127805,0.0016393914,0.0044697677,0.0018421334,0.001608305,-0.0004019224,-0.0015541337,0.0070218504,0.010295092,0.0034691808,-0.0028585389,0.0010420267,0.008116478,Asavari
-390.6073,76.05294,-5.53957,28.685833,-7.6794014,6.808673,1.3358536,-1.2564754,2.4288573,10.508041,-6.462024,-8.162292,-6.405906,2.797317,-7.8383265,-2.673733,-3.3291314,-3.540422,-1.735844,5.8370466,-4.8720126,1.6547277,-0.563659,-0.9258089,3.0532696,8.826616,-0.47393358,12.299323,3.596825,4.753182,8.8909855,4.21497,6.8927703,4.306507,1.2190291,5.0224223,-0.76390153,2.6468887,-2.704354,0.7788345,0.018266877,0.064725384,0.033430588,-0.017945722,-0.03668653,-0.014716614,0.009070123,-0.0043388717,0.010522373,-0.002004736,-0.017519705,-0.009652406,-0.02494898,-0.01180097,-0.0038905733,-0.005073687,0.0050398004,8.979256e-05,-0.0031154505,-0.001803933,-0.0052368604,0.001352692,-0.009092231,-0.015926763,-0.01369228,-0.011668368,0.008622725,0.026933782,0.027995694,0.02194064,0.011021812,-0.008581017,-0.00513834,-0.0024074304,0.000863436,-0.0011537996,-0.0008000377,-0.012724438,-0.0036591121,0.0046441522,-0.015517605,0.009526663,0.010337756,0.0056960066,-0.0043556653,-0.0049743047,-0.0011189443,-0.008818597,1.4765973e-05,0.003972019,0.0037075377,-0.01089202,-0.0025596754,-0.0006472459,-0.002803779,0.002745248,-0.0011954248,0.001732989,0.0071087303,-0.0027747285,0.003620299,-0.0029430639,-0.005544679,0.0031375343,0.0008078658,0.0030969153,0.00039922982,-0.0060137357,-0.013687471,-0.015994921,-0.010264999,-0.007037903,-0.0023997019,-0.000801746,0.0032916644,-0.0024518585,-0.007330279,0.0011828011,0.00273361,-0.0014524568,Asavari
-395.93832,79.5895,-8.366091,32.00332,-7.9827504,8.694487,1.3263792,1.8052235,-6.3110023,15.033418,-1.5776647,-2.629722,-10.211071,3.666708,-6.6558146,-1.0486777,-6.1414943,-1.201052,-8.0638075,3.8021538,0.54369485,1.6200103,-0.8586919,4.016909,-4.643084,6.4550343,1.822002,2.6528606,9.788913,5.414167,4.6373143,8.337516,2.3461006,6.1068144,3.0382004,3.9102254,4.7510247,2.9955418,2.0858006,-0.29539484,0.00068481796,0.085286014,0.020178827,-0.036455385,0.008779479,-0.021821756,-0.004114886,0.006782719,0.0025116175,0.0065487633,-0.0027814566,-0.013025138,-7.1545524e-05,-0.018495673,-0.0056377333,-0.003226369,-0.007248613,-0.010190976,-0.005246957,-0.011894113,-0.0004081141,-0.0023269453,-0.00084711565,0.0008282166,-0.0032839356,-0.015403348,-0.010193058,-0.007190474,0.0058858613,0.014051412,0.027235117,0.020309724,0.006940728,-0.0012846255,-0.000754611,-0.0029944219,-3.4603378e-05,0.0029153116,-0.0010293924,-0.0024481711,-0.009829905,0.033517685,-0.0003659178,-0.0057108756,0.013553466,-0.004491309,-0.0022477615,0.0005721227,-0.0010685462,-0.0018698634,0.003279133,-0.005451638,0.0023364853,-0.0004689679,0.005015877,-0.0017670256,0.0009175253,-0.00476357,0.0046129525,-0.002337421,-0.0021490622,-0.007599414,0.0015459259,-0.00045808594,0.0037275613,0.0011135873,0.0006115206,-0.0023950692,0.0013848554,-0.0062698033,-0.010298962,-0.008146943,-0.0011169155,-0.00059165753,0.0010411368,-0.0009626357,-0.0015761732,-0.0013829722,0.0036352559,0.0018475293,Asavari
-395.27417,80.661285,-8.239938,32.894714,-8.194351,9.910416,0.66133004,2.7600875,-6.477969,16.298212,-2.7726505,-2.7563088,-11.143097,3.7062602,-7.8857365,-0.7303139,-7.470905,-0.85066587,-8.201007,4.6504493,-0.7335252,2.6091683,-1.1956925,3.8085613,-5.019608,7.781519,1.8402394,4.3443365,9.140362,4.9230676,4.814727,8.993383,2.489775,7.9031487,3.2818208,5.3773365,3.9748545,3.1411302,1.1593578,0.034566846,-0.031890087,0.10018332,0.018210275,-0.040331844,0.011998839,-0.025513528,-0.008592369,0.0039145397,-0.0006209454,0.009895171,-0.0013466269,-0.013410643,-0.00057201105,-0.020240597,-0.0052181017,-0.00030989066,-0.009800913,-0.010292262,-0.0075124972,-0.013106261,-0.00014819887,-0.0021365557,-0.0015984792,-0.0052377465,-0.0053409683,-0.010495965,-0.005051993,-0.0053614136,0.00672963,0.010158367,0.028795052,0.022467768,0.011254282,-0.0011425427,-0.0011982766,-0.0067588934,-9.5156287e-07,0.0005072548,-0.0018360134,-0.0018761399,-0.042969692,0.03815326,-0.005747342,-0.012175708,0.0062621087,-0.0051568565,0.0012738692,0.0024011354,-0.0010148287,0.00071396265,0.0035019175,-0.0015453249,0.0031452358,-0.00017062835,0.0046825763,-0.0008380704,-0.00025710673,-0.00591123,0.0015439074,-0.0047380133,-0.001669283,-0.0039312593,0.0046769194,-0.00330632,0.0046056514,0.0019098753,0.0032060826,-0.0043427474,-0.002455546,-0.009226161,-0.0074526616,-0.0085741505,-0.0021869466,-0.0032639636,0.0016029092,-0.002436007,-0.0020348157,0.0002198076,0.006847632,0.00016007353,Asavari
-402.77045,134.39763,-14.457783,13.943159,-14.421988,-4.9137974,-22.873968,11.222824,-12.978655,-8.760856,-7.565176,7.725838,-2.2416606,25.231579,-6.496915,6.4089646,2.814487,10.873599,-5.4352813,5.1350374,-7.0892625,-2.0676146,0.26235142,0.36027828,-15.028287,-5.614683,-0.7288448,-2.4820354,3.1224806,4.943212,-4.7946835,-7.026022,3.8070862,-2.358258,-0.6633592,-0.81096077,-0.43485248,-6.3596907,2.4971783,-8.75927,0.24387252,0.0922757,-0.008755816,0.0027693901,-0.010390303,-0.006182251,-0.0109585645,0.014102572,-0.010099628,-0.0059382543,-0.0024052376,0.0089944545,-0.00080268487,0.01069416,-0.0071092793,0.005266649,-0.004881587,-0.0014239752,-0.004652031,0.008797756,-0.003793819,0.0004959048,0.009162496,-0.0063289967,-0.012450358,-0.006891143,-0.0050629186,-0.00049632875,-0.0022871264,-0.002168697,-0.0047787027,-0.003394191,0.0064754384,-0.0013118098,0.0034624985,0.0021996838,0.006265597,-0.0040451703,-0.005282162,-0.005366316,-0.006433635,0.0014403549,0.0013289833,-0.0016768344,0.0008887679,0.0011524346,-0.00010292281,-0.0010863789,0.0008648716,-0.0023002937,-0.0020587905,-0.0019141389,-4.2701013e-05,0.0016133955,0.00078239344,-0.00065019226,0.0015214484,-0.002180178,-0.002300943,0.0018922499,-0.0015986902,-0.001816715,0.00053057575,-0.00024450585,0.0018616148,0.0015294245,0.0005661427,-0.0006872123,-1.0148771e-05,0.0016177623,0.0017495968,0.0010987811,-0.0016594086,0.0014370925,0.00029365683,-0.0017345883,0.00056431984,0.0009271796,0.00021054395,0.002045554,Bageshree
-356.6839,106.64993,-39.75273,7.565407,-4.149963,1.83159,-16.933985,-3.129689,-7.978092,4.5952535,-0.39051837,0.84963363,11.964784,1.404762,-3.0295467,9.948775,4.6029353,-0.2924567,-6.0611644,0.8499998,-1.3139181,-3.5472689,-10.30603,1.5766464,-0.5164472,0.42233914,2.5344825,3.4823196,-11.080237,4.8373523,5.2346263,-3.2967896,-3.2660606,5.6784644,-2.2155175,1.3837105,-3.0292687,-0.68591577,5.625624,2.2159536,0.3235736,0.10804005,-0.040938362,-0.009348315,-0.014989272,-0.0036899948,-0.0044183373,-2.9869814e-05,-0.018794818,0.013000941,0.0049508307,-0.011248068,0.008967251,0.010233748,0.006249665,0.0057608965,-0.00021248567,0.00870656,-0.009993765,-0.0070298067,-0.0029269063,-0.0010527327,-0.010793883,-0.001974763,-0.004823658,-0.007715353,0.0072552077,0.0049363514,-0.0033824919,0.008188372,0.0007047893,-0.010270932,-0.008702023,0.0071453224,0.005843618,0.019857433,0.019795818,0.01610511,0.004152672,-0.00616837,-0.012511805,0.0021365916,0.0006725329,-0.0023742346,-0.0022019565,-0.0027125631,-0.001301066,-0.0009745816,-0.0012889843,-0.0067264,-0.0063865967,-0.0006787315,0.0016933338,-0.0014055473,-0.0020940083,0.00042321155,-0.0011110314,-5.593252e-06,0.0018405546,0.0005594939,0.0012952322,-0.00037109782,0.0015875197,0.0016677352,-0.0013878186,-0.0014108112,-0.0037914044,-0.0014728606,0.0004889514,0.0004981498,0.002934503,0.002206387,0.0012208723,-0.0016144936,-0.0017230299,-0.0038985552,-0.0013897407,-0.003053392,-0.00038601874,-0.0006990466,Bageshree
-346.59854,187.11789,-59.17179,-14.659237,0.77234775,-19.766623,-19.35768,-6.971282,-7.657836,-3.9558792,-1.022366,-6.4211802,14.68127,12.106609,2.3467,2.512438,9.192246,7.7829366,-1.9408559,7.0603743,-10.750267,-1.1473293,-4.9870872,-14.086978,-9.315631,2.6673613,-0.8742742,3.6727486,4.722077,-5.5446367,-4.5679083,13.944391,-3.298698,-4.749414,-9.3716955,-5.506547,-1.8870581,-3.2251306,-9.701915,0.8297941,0.3195718,0.13330784,-0.06786341,-0.0056223916,0.007446764,-0.016526613,-0.022361452,-0.012919793,-0.0154204415,-0.009121476,-0.005519076,0.0026941884,0.02249588,0.012297817,-0.00018898479,0.0063013486,0.00838608,-0.0050575933,0.002370066,0.012542354,0.0021492715,0.004357559,-0.010842841,-0.016810779,-0.01114237,0.0016952825,0.00224456,0.0023117291,0.0020734493,0.0007006561,0.00033224703,0.0066783703,0.0073241345,0.0052285166,-0.0154781155,-0.0076474743,0.008654188,0.001666386,-0.015755564,0.007029664,-0.006496795,0.00039737107,0.006436907,-0.0033708236,0.0027601232,0.0028250816,-0.0011120248,-0.005508615,0.0002734876,-0.0010862447,-0.00046428712,0.0050312947,0.0009412949,0.0024854601,-0.0025811864,-0.0014227465,-0.00031157647,-0.0036950107,-0.0031750347,-0.0040168096,-0.00031191699,-0.0013828563,0.0022051162,0.003237333,0.004473796,0.0012945196,0.00032015418,-0.0027735885,-0.0034323286,0.00082354964,0.002402667,-0.0006715776,-0.0029001005,-0.0014384731,0.00018974907,0.0020169602,0.0017744544,-0.0010536389,-0.0025684717,-0.0037502304,Bageshree
-354.92325,155.60542,-54.12587,-12.062921,-9.233719,4.9405184,-19.739378,1.5791607,-7.6029463,11.428518,3.0980952,5.518565,16.460278,2.0063112,6.6570163,9.666555,1.6145542,-3.5166664,-8.96144,-6.1752295,1.0424386,-8.19589,-12.849527,-0.18969236,-0.32725212,-2.1484175,1.3420355,-1.4423162,-1.9440137,11.922565,1.1435477,-8.913698,-4.836214,-3.5101018,-4.7974253,-1.7631252,-11.099406,-4.2831326,0.62848693,2.9109979,0.30764905,0.11523702,-0.056541655,-0.014277036,0.004331909,0.0041258708,-0.016170386,0.0034235232,-0.013933338,-0.0058114817,-0.0052373307,0.0138270585,0.022027731,0.0025544418,0.011154374,0.022025602,0.016616063,-0.009672455,-0.011943561,0.0029111002,0.0033644421,-0.017009957,-0.01655707,0.012003626,0.0028643352,-0.002339084,0.0116811525,-0.001422905,0.0007838828,0.015147659,0.0075875707,-0.01282726,-0.008743521,0.0016107002,0.0093665,0.014131544,-0.0085978955,-0.008940051,-0.0022211217,-0.0028305147,0.004054378,-0.0074404324,0.0046688532,-0.004028575,-0.004764389,-0.008239005,0.0027990118,0.0017895105,0.0015561493,-0.0042724586,0.0007131358,-0.0029517072,-0.0032064286,0.004230598,0.0018050385,-0.0031843174,-0.0004994619,0.0019348477,0.0016183979,0.005879702,0.003365754,-0.00045873778,0.001462788,-0.00035431003,0.0001865272,-0.0010112699,-0.0012338272,0.0032046419,0.0025344787,-0.0015983848,-0.0022577597,-0.0006124191,-0.001737095,-0.0008628968,0.0002150375,-0.0016866992,0.0025429153,-0.0005314728,0.0032644675,-0.000593476,Bageshree
-337.2632,138.26291,-55.979202,6.3104744,-6.4269824,13.027396,-10.165335,13.811444,-2.2015007,18.319923,-2.9527802,13.672248,-4.377892,16.45474,-5.907968,10.35431,-8.357647,3.697641,2.84821,3.7632484,-6.8434596,1.2731127,2.2492802,3.99236,-4.0042567,-7.0365915,-0.41258454,-10.093613,-0.4836722,6.1766367,3.8864574,-6.111552,-0.57323635,3.0099363,4.552587,1.0897748,0.96704775,-6.09455,6.0391436,-4.2860928,0.3365032,0.10733159,-0.03427025,0.009906785,-0.0068133487,-0.000666163,-0.013211799,0.004236938,-0.0049207397,0.014559664,0.00018879553,0.010486122,-0.0007141786,0.015509021,-0.0038134388,0.006340768,-0.008296065,0.00034196713,0.006473344,0.004486673,-0.0039335815,0.0007376178,0.0022366764,0.009214329,0.0031610688,-0.0027395836,-0.002815972,-0.01128536,0.0018209083,0.005301924,-0.00034090882,-0.008239686,-0.0077566737,-0.001768825,0.00082974107,-0.008287122,0.0036337257,0.004586017,0.012834641,0.004026634,-0.01400948,-0.0053258874,0.00027768538,-0.0050952923,-0.00036260023,-0.0041386983,-0.0028754417,-0.003461226,-0.00073318294,-0.0038649533,-0.00037809685,-0.003315938,-0.000856413,-0.003930776,7.281058e-05,-0.0005621968,-0.00039368618,0.0010242981,0.00061652705,-0.0022964706,-0.002708258,-0.000708512,0.0027024727,0.006316225,0.0066374997,0.0017157926,0.002292335,0.00024751422,-0.003788912,-0.0011762752,-0.0022070957,-0.0028015177,-0.0035846522,0.00037704824,-0.00024042834,0.00033487292,0.0015609335,0.0028422994,0.003244726,0.003908578,Bageshree
-234.2152,99.54197,-65.918304,18.650522,-26.065903,-14.389938,-18.276583,-14.705506,-5.288442,-20.975504,-16.48663,-22.768677,-12.740634,-15.793465,-9.355416,-5.9307075,-10.404858,-1.6979755,-11.921916,-12.58733,-11.529188,-3.5340562,2.5308752,-6.987559,-3.1662612,-1.3910195,-3.828901,-1.3332543,1.9116464,-0.3748192,1.6070553,4.658209,-4.382822,-6.4758563,-3.0329099,-3.2742958,-5.924625,-5.4584265,1.8741989,6.5008926,0.17853002,0.028342484,-0.048100173,0.018129071,-0.015837086,0.0027293835,0.0015618347,0.0016088021,-0.0032711087,-0.0107949255,-0.011086771,-0.010797539,-0.011107952,-0.012008759,-0.020781232,-0.00059039163,-0.0022424576,0.005430907,0.0031486077,-0.010178681,-0.009422896,-0.0016802994,0.003936844,0.029932853,0.033484355,0.021172792,0.00472346,-0.018781157,-0.008889804,0.009370293,0.014609934,0.007743344,0.0013794313,-0.008802304,-0.013048969,0.009597364,0.003952164,-0.01327887,-0.018622784,-0.009000028,-0.059634753,-0.036358513,0.022359943,-0.008043395,-0.0011690329,0.005572872,0.008517497,0.010675405,0.008752916,0.012546606,-0.002367071,0.008023576,0.007428323,0.00781435,0.0023886224,0.006125658,0.0059339595,0.0053787073,0.0047413204,0.0033615252,0.0028750086,0.0078606205,2.5150151e-05,-0.0013153405,0.00043598085,-0.003058077,-0.0010606025,0.007107821,0.0064180717,0.0008142488,-0.0016331163,-0.0025050351,0.0050849174,0.0065947664,-0.0012631628,-0.0011052628,0.0011163029,0.002476105,0.007643267,0.0057018767,Bageshree
-226.28217,123.44531,-63.907238,15.336823,-23.508993,-10.747688,-17.092346,-17.843517,-6.5048475,-25.815983,-22.10935,-22.374481,-9.943013,-14.030066,-12.545649,-7.153498,-11.536817,-5.3974013,-12.677165,-11.534505,-7.5765424,-6.9067645,-8.220493,-7.715356,-1.6198517,-6.248938,-4.182224,2.7360907,0.85634136,-5.219195,0.3161952,5.9278126,-3.958121,-5.8503933,-2.0667741,-3.0589232,-6.3511877,-4.2719007,3.4233549,3.2063093,0.04557986,-0.018037913,-0.031586405,0.024881726,-0.019811532,-0.015240148,-0.002386089,-0.009967361,-0.006548928,0.0121690715,0.024831954,0.0035089732,-0.0031130633,-0.0039250907,0.0011574619,0.010195364,0.012263429,0.008909092,0.00096577505,-0.014468184,-0.015436215,-0.0052282307,-0.00042501622,-0.0052161855,0.0032942428,0.014935242,0.023808887,0.020789692,0.013766051,0.003789146,-0.008377606,-0.008392909,-0.0023971726,0.012264882,0.00830404,-0.015354684,-0.014100977,0.002514436,0.011052976,-0.0017794119,-0.0029618482,0.0086877495,-0.00023723228,-0.008383484,0.0069588474,0.0025269499,0.003225892,-0.0033282056,-0.002426843,0.008771482,-0.0009987298,0.0025593066,0.007833035,0.0035082777,0.0004909161,-0.0031519854,-0.0020522783,-0.0032136678,0.0024735925,0.005435441,0.0052537885,0.003998232,0.0021023122,0.005950372,0.0034660848,0.0013813504,-0.0019013792,-0.0001670195,0.0028871002,0.0048045856,0.007040121,0.0017635528,0.0016505229,0.003977612,7.616348e-05,0.0007151352,-0.0013304193,-0.0018039577,0.0031648483,-0.001181913,Bageshree
-385.08203,68.813965,-11.501283,37.429432,-11.851573,4.6469245,2.4780202,-0.2774808,0.53433746,7.640526,-1.1683444,-4.962397,-7.835184,4.8659563,-9.889984,-2.5117674,-4.2587485,1.2148482,4.5539927,13.501039,10.451288,9.530854,5.8474727,2.2550132,-3.9041486,1.4801596,-5.409578,1.196983,8.728395,2.1247272,3.4201202,1.2952286,-0.77234405,4.8480406,2.0971866,2.8067636,-0.043756135,7.0267673,4.577236,1.6022328,-0.019057045,0.04492766,0.018977057,-0.0002764448,-0.032673903,-0.025214208,0.0025809705,-0.005697496,0.0040293345,-0.019195238,-0.004690959,-0.0076055103,-1.2890621e-05,0.0010286337,-0.010316687,-0.015249339,-0.015157051,-0.020697901,0.0064734113,0.022441061,0.021840945,0.01788601,0.004959874,-0.0007876389,-0.006884538,-0.006231531,-0.00036570145,0.0027553055,-0.0010543104,-0.011771885,-0.007171409,0.0016483854,0.0029882954,0.0009535389,-0.007015559,-0.008297015,-0.006648035,-0.015494134,0.0047407253,0.020257777,-0.012259168,0.020860817,0.016895538,-0.007287331,-0.0034732812,-0.002827441,0.004531252,-0.0016768527,-0.002757798,0.0007460453,-0.00056481606,-0.0018783186,-0.0035501358,0.00010614663,0.002700446,0.001352325,0.0019371163,-0.004109606,-0.005657269,-0.0059946533,-0.0066052685,-0.0028235884,-0.0014176021,0.0076648267,0.004573029,-0.0022508306,0.0025780064,0.00059198006,0.0048848134,0.0037216023,-0.0005773012,-0.0067733484,8.0039645e-06,0.006265156,0.0038306091,-0.00031550165,-0.0037165792,-0.0013369313,-0.0057052504,-0.008273768,Bageshree
-401.36316,81.47263,-13.377413,42.25454,-8.082008,5.2353654,0.69930816,2.599679,-4.0385346,9.900276,-1.9355297,-1.8978204,-9.493245,5.9760213,-8.489637,-2.111912,-5.471149,-0.9079789,-3.7391489,5.4051604,3.64496,7.14504,1.6519535,6.424235,-3.8367546,2.528657,0.6471825,-3.9262567,7.6734376,3.9446087,2.480198,7.8799973,0.13031378,4.991765,3.39708,5.208268,2.2215579,1.6187423,4.018824,4.0957565,0.055191875,0.016196651,-0.04720539,0.05523244,-0.02921349,-0.035499394,-0.0073572616,-0.004404294,-0.004253288,-0.028014313,0.003146609,0.0033444464,-0.036033913,-0.0037350524,-0.01165484,-0.0035584325,0.0038075403,-0.027997443,0.0043971655,-0.017559614,0.00053822284,0.021315029,0.040916115,0.012828581,0.02683193,-0.0019466488,-0.016248263,-0.019782992,0.0106832115,0.008289201,-0.0049871565,-0.009777287,-0.011434183,0.0008835736,0.0057408423,-0.013345177,-0.0051059523,-0.008260648,0.004043748,-0.0030758863,-0.02166854,0.025300795,0.012472181,-0.009130351,0.007005966,-0.011304357,-0.0029598991,0.0065709935,0.00071884476,0.00012524141,-0.007394216,-0.0073279315,-0.00079207326,0.0024657848,-0.00030005403,0.004857675,0.0010866916,-0.0016961623,0.0022772022,-0.0029651246,0.0039946353,-0.006663205,-0.0056056054,-0.006002651,-0.004578138,-0.0015870776,0.005563951,0.0042974306,-0.0022189221,-0.004762041,0.0034427692,0.006341558,0.00079812383,-0.0041787983,0.0002537208,0.003871865,0.007995218,-0.0012286458,-0.0035586734,0.0015410939,Bageshree
-382.6367,63.7542,-8.864234,37.512413,-12.958679,7.0427523,0.5107672,0.43302298,1.6881598,5.9698544,-6.8414526,-5.8459682,-1.5803876,4.7557297,-10.206883,0.0028343766,-1.8430514,-0.4455442,4.9589868,7.1014924,2.389631,5.0586905,2.8562577,1.2378911,0.12291937,3.448919,-1.4459075,12.829072,0.17216785,4.339119,4.1106834,1.6909002,5.1382904,5.853351,1.6889884,3.3897765,2.5115478,3.4976737,-0.4857062,-0.35345224,0.0655606,-0.091966756,0.06411566,0.0033239922,0.011243168,-0.0031131175,-0.004697888,0.008192557,-0.012690994,-0.0045420253,0.0006634013,0.0030639956,0.008609063,0.0001634703,-0.004779321,0.00610761,0.0055375434,0.00049860193,-0.0042286995,0.008423592,0.0070378613,0.0022491158,0.0030864049,0.00851488,-0.0040159384,-0.009769974,-0.006063336,-0.008203209,0.0007735033,0.0030647544,-0.0006948898,0.005728155,-0.003178112,-0.0104042115,-0.0015494736,0.005092076,0.0027518736,-0.0022943958,-0.0025319245,0.00074302976,0.012073322,-0.00059703086,-0.010063408,-0.005713807,-0.0014664571,0.0038030688,-0.00081932155,-0.0077373576,-0.010958636,-0.0056128646,-0.003968227,0.005077701,-0.0043234616,-0.0059094164,-0.0011118023,-0.0015878213,0.0031159073,0.0046028183,0.000168476,-3.9176894e-06,0.0024206755,0.006293306,0.0068270047,0.006868105,0.0053851977,0.000811587,-0.0029302638,-0.0024448575,-0.008281991,-0.0035724475,0.0002487897,0.00035337938,0.002536961,0.0016603267,-0.0013906371,0.00255774,0.002313253,0.0044366387,0.0016056605,0.0022208698,Bageshree
-363.06622,71.90125,-22.697094,41.65164,-8.704288,3.1386282,1.9603299,1.5553699,-2.8063674,11.849394,-3.9261398,-2.6868548,-9.767141,4.7066627,-2.461406,-6.1578703,-2.0969386,-1.2252396,-6.990556,6.7341714,1.341253,6.0157695,3.6790874,10.367009,-4.496883,8.142072,-3.845227,-0.280541,4.9502506,3.659943,2.0907154,6.2757244,0.17953317,4.6426644,3.282581,7.06813,0.16580234,3.4599087,1.5926063,6.0781093,0.04289383,0.051026795,-0.016973486,0.0291537,-0.039489638,-0.032315493,-0.005731046,0.002322614,-0.0048612924,-0.015014693,-0.004742737,-0.007634235,-0.012186422,0.0031535155,-0.0033982093,-0.011047072,-0.0121371485,-0.0123909395,0.010088777,0.013912552,0.0130224675,0.027302375,0.015214304,-0.020244947,-0.01783313,-0.0062917164,0.009280427,-0.0021706193,0.008934602,-0.017009668,-0.011232829,-0.0024417036,0.00072675996,-6.357661e-05,-0.0029230446,-0.006392986,-0.0020413008,0.00088200154,-0.0036269857,-0.0016758438,-0.0064952206,-0.00036213442,0.025649318,-0.00868536,0.0035174496,-0.008759026,-0.00030845293,-0.010055033,0.00013145305,-0.0012444836,-0.0014078192,-0.001024618,-0.0008543873,-4.8435697e-05,-0.00067907566,-0.0006640093,0.005305521,0.004950605,-0.00040888935,0.00015136026,-0.006924585,-0.009256303,-0.011680029,-0.0044918414,-0.0030273658,0.0031713948,-0.00051467965,0.002359691,-0.0032024034,-0.0007026335,0.0022200854,0.0012470194,-0.001428179,-0.0007867808,-0.0006288838,0.0029414135,0.0012405114,-0.0029246176,0.0019875083,0.0070155025,Bageshree
-355.88168,59.052097,-14.337275,39.975433,-14.66555,3.6013038,-1.9658056,0.883575,4.236389,6.283705,-12.013251,-2.7377963,-2.0191696,3.1392462,-12.618117,1.9635352,-3.3708758,1.2124994,7.6527624,6.888979,6.6990294,7.013865,1.5648757,-1.694525,2.755556,0.34857717,5.4279656,8.886315,-1.2655951,7.924598,-0.47132832,4.2276073,2.9598658,4.142259,-0.2602589,5.0295167,3.135569,3.5822062,1.1252624,1.9728078,0.13783446,-0.022196425,-0.026605893,0.025359448,-0.055553548,-0.028937822,-0.010460884,-0.006892414,0.0020287335,-0.01684067,0.0058043073,-0.022999115,-0.011384548,-0.016293239,-0.012565951,0.011687298,0.01761828,0.044631016,0.016693315,0.0016720055,-0.0056457333,-0.017323883,-0.009386596,0.0150316665,0.020833312,-0.008091019,-0.025935877,-0.013986039,-0.008920723,0.0016869393,-0.024385873,-0.019409662,0.008954339,0.023446884,0.011065331,0.009055227,0.01654857,0.008509977,-0.020102654,-0.019405063,0.007345425,0.024647284,0.0028404917,-0.0041855453,-0.0006207919,0.0014042453,0.0017069654,-0.009253155,0.0014431936,0.00066416775,-0.00091958005,-9.4638934e-05,-0.0044657155,0.0019788877,0.0038329668,-0.007564863,-0.007881061,-0.00023997524,-0.005513664,0.0024186338,0.0022210141,0.007983784,0.00814724,-0.0014366185,0.0030610326,0.0009141126,-0.0037515634,-0.000823741,-0.00041584205,0.0018911774,0.0056975908,0.0071038054,-0.0039127273,-0.0014480148,-0.00018123449,-0.002993264,-0.00210535,0.005080111,0.011119654,-0.0036346996,Bageshree
-193.93047,149.58131,-64.368034,31.102327,-10.102068,-1.3452321,17.926603,3.7635376,-22.535109,-10.992237,-11.936964,-16.506145,-8.198565,-14.898088,-8.87586,-9.678687,-19.318338,-31.093184,-14.474878,-4.962189,-10.92925,-2.8548672,1.0007278,2.5282533,-2.6580794,-7.1112256,-4.6583753,-4.3852234,-12.984756,-7.4597187,2.1815164,-2.0332408,-1.663605,-7.4833455,-7.4525094,0.29271215,2.5851107,-4.5278845,-8.805242,-0.071724705,-0.07071867,-0.02791099,-0.0073471596,0.0052184383,0.02027775,0.006905751,0.014984411,-0.01491822,-0.010932061,-0.0017333901,0.005342449,0.0072006606,0.014574195,0.011966326,-0.0034104288,-0.0038955063,-0.0021320607,-0.0001466991,0.0013128966,-0.0029077886,0.004432765,0.0037084704,-0.0050271563,0.0064497124,0.02694442,0.022918278,-0.005410837,-0.02299594,-0.020997556,0.0030700688,0.01935532,0.00463943,-0.0029976869,-0.0015340704,-0.0015978457,0.0076553766,0.010587761,-0.00098124,-0.0057997787,-0.0011146767,-0.008878053,0.01211217,0.012059367,-0.008453716,0.008100448,0.004765132,0.0054636463,-0.012132867,-0.007700375,0.010662954,0.006188744,0.0009786347,0.002069126,0.013216428,0.0002582373,0.005164211,0.017598528,0.01811756,0.0058291913,0.004733333,0.00056773645,0.001859774,0.0014152705,-0.0005904415,0.003062472,0.0066971784,0.0040786644,0.00074582576,-0.0015822459,-0.006046726,0.005120892,0.0074657723,0.0031692926,0.0051518655,0.0026619674,-0.004381488,-0.0016512496,0.003352725,0.0066362545,0.00791121,Bhairava
-349.80972,182.76411,-13.613116,11.699358,16.163168,-4.672968,-5.139347,5.627722,-1.3378006,0.76066536,-10.887694,-8.648863,-0.30475208,3.735457,5.4976773,9.532984,2.6931548,-3.2174954,-6.583945,-7.24221,-5.9514427,1.7620834,0.33024052,-5.1856036,-1.5402472,0.3626909,4.1538916,-7.314244,-11.6899605,1.1352483,6.882513,-1.9394186,-10.353538,-4.4908576,-1.5080115,-5.3341722,-6.202577,-3.9552429,-8.774943,-11.028197,-0.04666668,-0.04474703,0.003521078,0.0057119373,-0.010144846,-0.0056774756,-0.008935344,-0.0101822,-0.0064470363,-0.004645115,-0.00041815758,0.006490438,0.004459859,0.002023575,0.00084180466,0.0010724982,0.007248599,0.010021165,0.0007785541,-0.00026491142,0.014022658,0.0038176503,-0.021006387,-0.012833831,0.0023561388,-0.0045578675,-0.006783898,0.002513708,0.005559503,0.013587405,0.017690867,0.0024939398,-0.00965567,-0.0012890911,-0.0038804896,-0.01214501,0.0027854173,0.019475361,0.0075536086,-0.010460148,0.014850382,-0.0039527286,-0.006249244,-0.0010892834,-0.012422638,-0.0040141274,-0.0044426415,-0.008467281,0.00011013204,0.0038343892,0.0021775186,0.0024466144,-0.0013724827,-8.424944e-06,0.0030829238,-0.00024789403,-0.007228117,-0.008821887,-0.0051312093,-0.0029469426,-0.00096827367,0.0027750947,0.0077910796,0.006305194,-0.0029280079,-0.007191706,-0.004758548,0.00031486255,0.0027866126,0.0006526058,-0.0037851348,0.00027802208,0.006443679,0.007088996,0.00095970626,-0.0018767809,0.0003050635,0.002825181,0.0039921305,7.192224e-05,Bhairava
-176.74362,116.93705,-66.13754,60.36225,-17.902525,7.2681923,3.5754712,-22.162798,-26.787294,-2.7415981,-17.116741,-4.834148,-14.8822775,-11.912487,0.4361667,-5.1270823,-14.974055,-15.0266285,-21.63692,-18.602043,4.7056146,-3.7937841,-17.154898,-19.373755,-9.204716,1.465205,-7.6907234,-6.869649,8.893451,6.0097384,-10.61828,-9.266401,3.8994064,4.050978,-0.16631564,-1.6707441,-1.0889107,1.0694,-3.8313515,1.2504151,-0.08156188,0.008860601,-4.9040733e-05,0.030424317,0.009355468,0.003038213,0.01875609,-0.017040744,8.104115e-05,-0.0046517774,-0.0013152215,-0.012507326,-0.0059509254,-0.012553449,0.02475729,0.022191633,0.024970481,-0.0079667205,-0.022764547,1.1856253e-05,0.027260777,0.0034243963,-0.046670973,-0.015427737,0.028458823,0.02721389,0.0057325517,-0.026878554,-0.0031190582,0.04321285,0.043826193,-0.011496159,-0.015662704,-0.008513739,0.0036196744,0.017580945,0.009022554,-0.0057268552,0.0074231518,0.013701998,-0.08287516,-0.009302359,0.027790211,0.006020355,0.015378927,0.008923682,-0.0009413524,0.009823492,0.015836544,0.00393285,0.012187986,-0.001565749,-0.0067355908,0.0023820074,0.013082987,0.0073581208,0.005535721,0.010221619,-0.0031288425,-0.015696408,-0.006873948,-0.00048779178,0.00012393239,-0.011098283,-0.008591604,0.0057948115,0.010711474,0.0062576346,0.00093487656,0.0002695363,0.0040502837,8.853208e-05,0.0012769343,-0.0054440456,-0.0007474089,-0.0066616028,-0.0056495867,-0.013241711,0.008192197,0.008737865,Bhairava
-193.66925,146.49356,-57.923733,30.945745,-12.487944,3.8584573,16.611277,1.6081069,-25.954351,-16.939342,-12.2196045,-11.874241,-12.983188,-25.278023,-16.258997,-13.854731,-11.818931,-15.873286,-3.3064501,-1.5925733,-9.061801,-6.7547545,-5.352389,-6.7208314,-13.114404,-6.5020523,-3.7795887,-5.330823,-8.350056,-7.6595707,-2.4031363,-4.143277,-5.0125976,-2.2523322,1.1476891,2.3435557,-0.3199371,-0.8538825,2.8400807,0.061109804,0.012863133,0.022035152,-0.020248376,-0.038254578,-0.024416793,-0.002864287,0.019034147,0.024391746,-0.0016012619,-0.015599449,0.0009907312,-0.0004363228,0.006432063,0.0023152817,-0.012795036,-0.03388863,-0.023030909,-0.010296024,0.017975487,0.043033637,0.02360804,-0.0043886905,-0.0147327045,-0.01617485,0.008084979,0.02526693,-0.012828444,-0.020618476,0.008260226,0.018965974,0.01193699,-0.02130904,-0.024967551,0.0010441369,0.011218689,0.013277569,0.014215474,0.015472567,0.00037173147,-0.01722982,0.008903954,-0.0035205283,0.014197719,-0.003682752,-0.0015996791,0.0047981334,0.0019266711,0.0073368624,0.0019805955,0.011511144,0.010045265,0.0073393625,-0.0031636439,0.0031321878,0.0030997891,0.015953632,0.015365532,0.012382656,0.004895457,0.0064549483,0.0030467333,-0.0032032216,-0.003094491,0.0028877151,0.0055932486,0.0022836085,6.8195346e-05,0.002769327,0.0069108116,-0.00071800966,-0.0031834967,0.0014409428,-0.0009701074,0.004918845,0.009506401,-0.0024202077,-0.008983883,-0.0046279444,0.0015258961,-0.0017696337,Bhairava
-185.21286,122.827965,-59.406067,43.460526,-18.632574,10.442719,11.382676,-22.260187,-27.421373,-4.187684,-11.982484,3.2069342,-7.7102046,-18.717701,-18.997091,-23.515375,-15.778863,-5.3526525,-10.408648,-18.193644,-1.1732764,7.231415,-3.6354237,-10.852597,-4.3834867,-5.5044827,-10.99373,-9.72386,4.0546136,5.862401,-5.682902,-1.763109,0.37995353,-1.3333676,-0.35090634,-0.5896008,-0.83480024,0.5750971,-2.7350428,-6.7353783,-0.08577729,-0.023817038,0.0181409,0.05290692,0.041372422,-0.010838916,0.002667838,-0.0144749805,0.01987279,0.0024826287,0.001096622,-0.005294329,0.028767852,0.02466906,0.014313424,0.014681095,0.011451598,-0.011966286,-0.024460737,-0.013348796,-0.009277166,-0.035175886,-0.032231983,0.0002795652,0.013970399,0.031968787,-0.010795718,-0.0064695836,0.018632041,-0.0052121277,-0.021005113,0.0051015955,0.023558762,0.0041609476,-0.015420157,0.016428292,-0.0009055791,-0.030192472,0.0018337531,0.035591967,-0.00568827,0.0012111398,0.02934535,-0.014246703,0.0055019837,-0.006084827,0.01051718,0.0013925789,0.006603182,0.008514668,0.015215514,-0.0020694626,-0.0046780813,0.003505501,-0.0006274142,0.009448014,0.01586156,0.015194959,0.0044605155,0.0032455628,0.0033819713,0.011078285,-0.007965209,-0.006219231,-0.0036630563,0.012245212,0.0052853073,0.012371528,-0.0017152634,0.0053255316,0.011324301,0.0026801876,-0.001502334,-0.0032659979,-0.005647839,0.0009074433,0.00027481778,0.00089567236,0.003537656,0.007404517,Bhairava
-187.9414,136.04353,-66.03083,18.661163,-19.071398,14.956915,1.5192764,-25.768917,-27.305334,-5.201763,-17.033709,-11.929508,-18.522575,-20.148891,-18.002684,-14.692481,-12.985691,-3.6007407,-4.9461966,-12.578782,-4.8631306,-3.1038704,-6.4692254,-7.2195616,-9.380275,-9.646509,-9.841825,2.868729,2.3219478,-8.388463,-3.884432,-0.04772747,2.9092224,2.2719848,-2.5539467,-1.4496189,1.5628161,-4.5033197,-4.3417754,1.91522,-0.06895935,-0.03172764,0.025877697,-0.018280953,0.006474016,-0.006144813,-0.010219356,-0.0045128446,0.0042355075,-0.002299291,0.012550056,0.017278124,-0.0045187892,-0.014569775,-0.007647758,0.0016591728,0.0039950022,-0.0070939786,-0.008912427,0.016130414,0.033397306,0.010500678,-0.011980226,0.0025903021,0.0015533159,-0.0042682127,0.0013658998,0.005524074,0.012722424,-0.00026211064,0.000777807,0.006601276,-0.016507706,-0.0016893945,-0.00031568712,-0.004470938,0.004014056,-0.004638562,-0.0040752357,0.009002635,0.043796714,-0.0064373827,0.005458426,-0.013275896,0.01352732,-0.0019987943,0.003703595,0.0013332872,0.017606499,0.0056799334,0.015271998,0.009898424,-0.00068877195,-0.005904864,-0.0050666337,0.00015443639,-0.0007641755,-0.0014072857,1.7083796e-05,0.010586533,0.008923357,0.006710912,0.0009996879,0.0064614792,-0.0018920868,-0.0021030456,0.004127408,0.005385128,0.0067907595,0.0061316057,-0.0125910025,-0.0014883507,0.012579876,-0.0057458933,-0.00821924,0.0015129476,-0.007903585,0.001175375,0.0034784803,-0.0043999203,Bhairava
-186.05705,146.5744,-64.23857,32.087708,-13.14575,4.602913,17.681152,-2.270759,-23.680065,-9.87439,-11.936824,-11.976248,-7.340265,-19.700487,-15.580144,-11.501509,-8.286748,-5.1153126,-2.5411704,-11.070874,-20.268707,-11.803344,-0.055940986,3.6210957,-1.2779988,-3.328313,-2.8646066,-12.3771925,-16.182487,-2.1585162,6.18326,1.6142349,-4.5909996,-5.6330194,3.5504236,5.91755,1.8311131,2.0326204,2.634157,2.9311254,-0.07275676,-0.0017076769,0.016740795,-0.027492685,0.029591763,-0.0015127116,0.020161385,0.0072884774,-0.00040956156,0.009055384,0.015271373,-0.003807343,-0.04103043,-0.02122578,-0.003206609,0.023827288,0.024640428,0.011548052,0.0050063194,0.002422999,0.016242668,0.0043628947,-0.02168507,-0.0009688893,-0.0015118816,-0.017221162,-0.032060742,0.0032475796,0.03120481,-0.00065574603,-0.0067830966,0.02198073,0.018751774,-0.00047218337,0.008719413,0.0020459353,-0.016806688,0.0034170328,0.024390584,-5.0936767e-05,-0.020889001,0.005036119,-0.0027829867,-0.0118808495,0.006563617,0.0047469027,0.012307798,-0.0013340907,0.007694139,-0.00050342263,0.005874886,0.004040617,0.020174133,0.012311135,0.00038295472,-0.0021472124,-0.011385589,-0.0030889937,0.012100027,0.013347645,0.0061064274,0.0013306368,-0.0066383467,-0.005971271,0.0038962157,0.008823704,0.001704036,0.004157269,0.0034804055,0.0076325913,-0.0015977493,-0.0067946115,0.00600923,0.009126488,-0.0023105426,-0.0023634261,0.008423267,0.0056816214,0.002691387,0.003163622,Bhairava
-173.29387,125.27419,-64.41552,33.53119,-16.71223,12.923444,1.8262911,-29.381516,-25.881462,-5.394107,-20.596846,-9.17693,-18.61104,-12.816596,-10.375465,-10.512365,-12.122197,-7.17446,-12.970933,-8.1144285,-4.388406,-11.667743,-8.132559,-4.0449896,0.3017954,-4.1845036,-2.6916811,8.526249,0.22061796,-8.33849,0.8254326,10.733679,3.2755952,-2.614381,-1.2511443,-2.106252,-4.0560517,2.5446212,8.084646,-0.4054459,-0.08179498,0.02183429,-0.0016077202,-0.040897716,-0.0089933025,-0.013080558,-0.00833419,-0.01070545,0.002044823,-0.011055184,-0.018811265,0.004043236,0.023952544,-0.02428445,-0.032087687,-0.002833695,-1.3686174e-05,0.008718545,0.009051386,-0.002705417,0.018099047,0.048252374,0.043776743,-0.011051448,-0.028400077,-0.035313223,-0.008067261,0.0022316622,-0.040499736,-0.031935144,0.017328471,0.023311472,-0.0025719113,-0.0117314365,-0.0055754306,-0.00514574,0.031589378,0.021598434,-0.016135558,-0.017016916,0.027999096,-0.00157804,-0.0038956916,-0.020166494,0.017671922,0.0033945115,0.0033856388,0.006246521,0.00261889,0.0017099454,0.009990988,0.0027319468,0.0058292183,0.004165587,-0.004199118,0.0012783678,0.00012312135,0.011731553,0.011998541,-0.0022210942,0.0043858034,0.0152032925,0.0122193275,0.0052469126,0.0013915647,0.013273588,0.006474276,0.0021167197,-0.0010456718,0.006056851,-0.00018337152,-0.0039426708,-0.0008217878,0.008792959,0.0067458195,-0.0070489133,0.006969536,0.0038240883,-0.0052086166,-0.013201745,Bhairava
-359.22583,170.2489,-3.8588724,14.4424095,13.369738,5.1261935,-1.0068579,2.2384014,0.90330535,-0.40030235,-4.870018,-2.1077173,-3.9046187,-0.19741774,-1.9705476,0.0063218884,-5.470028,-0.24576697,1.5086981,6.790788,6.23659,4.032368,-2.243386,-2.8430984,0.5924873,0.50168276,4.2317033,-8.220266,-16.84664,-4.7392755,-1.1781116,-1.8323607,-11.27068,-9.874046,-2.181061,3.1429288,-4.9659834,-10.819878,0.6331077,1.8752456,0.44779393,0.15010032,-0.031282477,0.01909109,-0.00015450823,-0.008114495,-0.0049904035,0.0068487427,0.0066209943,0.017493939,-0.01808039,0.0038199897,-0.018248724,0.019586947,0.007549541,0.007326532,-0.02007017,-0.0016010717,-0.008916192,0.0015516727,-0.006559406,-2.3012495e-05,0.020524416,0.018290509,0.01123234,0.017757712,-0.002314676,-0.024032345,-0.019728381,0.0023260608,-0.004295501,-0.008126055,1.4008251e-05,0.0005154044,-0.010235165,0.0018458259,-0.008277733,-0.027322782,-0.0170299,0.00297985,-0.01992735,-0.017599555,0.001894731,-0.014495975,-0.008963125,-0.0062387567,-0.004779658,-0.0003453637,-0.00302325,-0.0019386063,0.006614226,0.0028973261,0.007189542,-0.0012646538,0.0013893384,-0.00050278596,-0.004144882,-0.0006293986,0.0021960502,0.0024170408,-0.0046767103,0.0065667126,0.0007992512,0.0010903397,-0.0021088806,0.0038220289,0.0037393617,0.0045724483,0.006593914,0.012924385,0.008362903,0.0023837395,0.0026248388,0.0056589106,0.0036515316,0.007234308,0.0018760806,0.0021587175,0.006908036,0.0044400017,Bhairava
-271.13174,158.70128,-30.942099,25.450285,5.8840027,-0.7532957,-0.32091945,-1.887277,-4.001035,-4.4166713,-4.68591,0.9499614,3.9014823,1.7607102,-2.340458,-5.9048343,-6.1479473,4.23483,4.2702765,2.8794909,2.656263,-0.43975288,-8.606511,-6.8855066,-7.301116,-5.7309756,-11.293916,7.3847594,-1.7235588,-5.707694,-0.808008,1.2583014,-4.231622,-7.954093,-9.109135,-7.092717,-4.947673,-10.597096,-2.3928277,12.03403,-0.30660245,-0.00673501,0.10265555,-0.039850336,0.01831194,0.018721346,0.0027668064,0.0070043313,-0.0126761915,-0.007059714,0.0011910007,0.004779828,0.010869879,0.015684254,0.012628865,0.013601905,0.021847581,0.007855563,0.0013932879,-0.009951895,-0.018515367,-0.017785167,0.0042238883,0.021539962,0.015830325,-0.01175926,-0.006688258,-0.0082489485,0.017545637,0.008908837,-0.0068344683,0.0004034,0.012101671,-0.003634102,-0.004924193,-0.0024171758,-0.0044660713,-0.009717441,-0.012661873,-0.02807744,-0.06806225,0.0056635216,0.008950032,-0.008581999,-0.009601579,0.00181866,-0.012577377,0.0027894008,-0.0025203505,0.005907803,0.009062368,0.0063797617,-0.0035428698,-0.019441102,-0.0068880115,-0.003560529,0.0034345165,0.009085145,0.0004928097,-0.0052081463,0.00047505446,-0.0032884795,0.00039993794,-0.0064246547,-0.0035161106,0.0025162057,-6.9242444e-05,-0.010032132,0.0002520768,0.0011945633,0.0113324355,0.0060539553,-0.0003177088,-0.003504689,0.0096783275,0.0044804346,-0.0025308598,0.008024332,0.006669703,-0.0047578593,Bhairava
-350.73376,135.01942,17.898472,23.468908,1.0348341,9.549432,-1.0337576,-7.480549,-16.307152,-5.8758297,-15.228,-11.716844,-7.081678,-5.169927,-7.988098,-6.1004624,-5.989783,-7.698113,-9.210315,-10.363718,-11.614156,-12.104065,-11.3956995,-9.019421,-7.4334397,2.51419,2.4696865,4.3266306,7.826544,5.663746,0.926343,-0.5073009,0.486492,-1.4886504,-1.6084671,-1.5721765,1.5925725,-0.36054403,-6.7974405,-2.7429333,0.24520397,0.071666926,-0.0345652,0.003490493,-0.017175002,-0.0027295519,-0.023312934,-0.024872163,-0.033552658,-0.013968107,-0.03044637,-0.005583664,-0.0044518346,0.0009255149,-0.0042263255,-0.00851649,-0.0062104682,-0.008542153,-0.022090366,-0.007516083,-0.0034934324,0.0015273533,0.008596731,0.0017616597,0.0060205073,0.0062608346,0.003346487,0.012359375,0.0019139812,0.004147544,0.0038513104,0.0016992199,0.0043341564,-0.0029378058,-0.005772153,-0.004593939,0.0029853648,0.00064309355,-0.0013911872,-0.008091977,-0.079902016,-0.02857608,0.00018855861,-0.0073613813,0.003556994,-0.0017930878,0.0033509159,0.0007645868,0.0054252064,0.004877454,0.006708906,-0.0006198107,0.0007529131,-0.0023529076,-1.492782e-05,0.0011986898,0.00021906655,-0.0008214201,0.00046384058,-5.2738833e-05,-0.001113291,0.0032334058,-0.0010079147,-0.0072495756,0.0008399074,0.0030474884,0.0012034797,-0.0035689645,0.00454749,-0.0007487158,-0.0043899943,-0.0043687597,0.0005081982,0.0045125224,0.0010591606,-0.0015334807,0.0007510906,0.0041511045,0.0011371959,0.0014672651,Bhairava
-284.63208,126.455475,1.0347186,17.685804,-5.9122367,-2.243577,-16.314362,-10.551862,-25.104267,-19.195845,-26.02401,-16.381123,-7.6981087,-3.2909362,-1.1539981,6.217797,-6.1152687,-6.6239305,-4.6532984,-1.1417888,-4.2860475,-2.3745456,-12.190431,-7.018948,-3.3262234,-2.7355785,3.8081946,3.6872208,8.021506,15.534339,2.4493575,-4.9583817,0.460075,3.6621966,0.04667899,4.7622952,-0.4964611,-1.6630704,-1.8946611,-0.6031865,0.07146733,0.016675211,-0.03945008,-0.022396557,-0.014209682,-0.0021231177,0.0027570087,0.010038041,0.0041898815,-0.0052279024,-0.010099312,-0.007776611,-0.0038099121,0.0046258876,-0.0052948403,0.008737497,0.0053087184,0.012752491,0.03214332,0.022212693,0.0023121424,-0.01316956,-0.017699562,-0.008170497,-0.00096813793,0.014283091,0.009627578,-8.9729045e-05,0.007929091,0.0031149795,0.009507243,0.0040596565,-0.00797652,-0.0008767939,0.012231738,-0.003153999,0.001678407,0.004884112,0.007703223,-0.0014576255,-0.097827844,-0.03657411,0.009633458,0.00028864434,0.0007208504,-0.0040447013,0.005162677,-0.0025515105,-0.0035640404,0.00047356612,0.012928323,0.0019318175,0.0057165,0.0025000214,-5.647064e-05,0.0022833706,-0.0035329454,-0.0031204314,0.005154846,0.007973185,0.001903233,-0.0007156528,0.005152085,0.0021102924,4.58084e-05,0.006717234,-0.0045750784,-0.0034920457,-0.0016425378,-0.0007000339,0.0023147515,0.004721586,-0.0034092418,0.0014720709,-0.0001878919,-0.007859977,0.005953545,-0.004157458,-0.0005619753,-0.0007497569,Bhairava
-287.73367,125.345184,3.488317,18.267706,-4.092635,-1.1766915,-12.286679,-8.708629,-23.618143,-18.410437,-24.804747,-19.863121,-10.152945,-3.4346833,-3.691686,3.9219644,0.19459918,-4.725725,-5.717104,-1.2963326,-1.9029753,0.8117778,-6.9635916,-10.266504,-5.4603634,-6.3644605,-3.0916545,1.4194354,0.66833913,11.510132,12.669156,2.2585702,-2.6129632,1.7332846,-0.13674681,2.3034868,4.3482265,2.031284,-1.1252285,-3.3444338,0.07537699,0.024694094,-0.03780339,-0.015859565,-0.013806901,-0.009867283,-0.0010647103,0.0015185687,0.0026668878,0.005252927,-0.004315918,-0.0016737715,0.0059211003,0.006013984,-0.0036623024,0.0013516376,0.0024355222,0.0005271024,0.013991879,0.01405157,0.009609693,-0.00040983935,-0.0064216186,-0.0076181837,-0.01012693,-0.0032150508,0.0064683864,0.012879479,0.0133036785,0.002389321,0.0054379413,0.0067731887,-0.009351326,-0.012025182,0.007974392,0.0055771032,-0.0043728934,-0.0029287902,0.0073252437,0.011804792,-0.07774609,-0.0411713,0.0055408166,0.002525473,-0.00040247667,-0.008468351,0.0030533639,0.0033054454,-0.00101378,-0.0007302384,0.005222091,0.0021006758,0.00051301287,0.0011402883,-0.0010200723,0.000687536,-0.00095797615,-0.0029281203,0.0021099255,0.007075312,0.0062190397,-0.0016079771,-0.002463171,0.0034055328,0.0014283719,0.0039814697,0.0041137366,-0.003531685,-0.0021394063,-0.0010588544,0.0005962605,0.005382603,0.0037401605,-0.0020883789,0.007433798,-0.0031539148,-0.005036423,0.0045429613,-0.0055210856,-0.0045528235,Bhairava
-291.59723,132.33058,5.1178703,19.547905,-3.011926,-3.367319,-13.789358,-13.897162,-23.678059,-21.099634,-21.75277,-10.381126,-9.967282,-8.291157,-5.1872964,2.0697176,-2.029742,-3.6461267,-3.092798,-1.4964069,-3.709865,-3.1037812,-3.77738,-2.210533,2.7569866,-1.3863959,-0.6993689,0.8227837,-3.3852017,0.9501492,3.0849075,-1.9703326,-1.8657258,3.967372,-1.4038022,2.0557616,3.2431881,2.2451317,-4.4823604,-9.094194,0.0027431084,0.0022116632,0.02154159,0.008694009,0.0031733494,0.00046062408,-0.0038835933,-0.0010528294,0.014164962,0.006581358,-0.0074945474,-1.5535043e-05,-0.0050541526,-0.0028326318,-0.008625133,-0.0111288745,-0.011009908,0.009721089,0.015380453,0.0216923,0.015973667,0.0007093415,0.007843416,0.01504132,0.007454885,-0.0038962858,0.0022222456,0.007971827,-0.004404546,-0.020020612,-0.019368751,-0.008137342,-0.0025661497,0.0008510546,-0.0025810366,0.0054385043,-0.015259414,-0.017169785,0.00012839891,0.0048956866,-0.03268309,-0.008918668,0.003373038,-0.006804095,-0.0031033654,-0.00036467594,0.0014054999,-0.0048581716,-0.0035250024,0.004663238,0.005099234,-0.0057382467,0.00043099068,0.002151755,-0.0015403312,0.0020152593,0.0077786595,0.00022785235,-0.0008220304,-0.0008716747,-0.009345577,-0.0024848212,0.0031442065,0.0015126773,0.0014125259,0.0060798433,-8.175595e-06,-0.0039518736,-0.00033845988,-0.00016728352,0.0020453099,0.0066033816,0.00401671,0.0017363977,-0.0011606425,-0.002428758,-0.0021264828,-0.0028643052,-0.00092002674,0.007092219,Bhairava
-284.16867,123.72425,5.888046,16.935144,-9.922808,-5.7486954,-13.861796,-14.886574,-32.626106,-19.286472,-22.329945,-7.9470143,-0.42938772,3.2943082,0.9771861,3.9750116,-13.263175,-12.478718,-6.849924,-6.4099293,-8.488749,-5.4979057,-7.631452,-5.4033937,-1.623849,-3.0411367,6.850346,6.1973405,1.3959131,8.3162155,-0.55106544,-2.896503,-0.4176659,2.9023633,2.8656645,6.7033434,10.723479,4.113159,-8.128482,-2.2872913,0.15513436,-0.017063126,-0.018903764,-0.014866982,-0.029992456,0.003893774,-0.005371245,0.009925515,-0.032914657,0.0025201314,0.0072175656,-0.011200394,0.015901737,0.016535968,0.023731906,0.012535136,0.008611904,-0.014602006,0.0035091622,0.008344512,-0.0025057332,-0.011323084,-0.04436127,-0.0063248863,0.007195945,0.015395664,-0.0041008205,0.014713503,0.0049319086,0.011168011,0.0040330626,-0.010569945,0.0069220806,-9.229192e-05,0.0005711465,0.01634714,0.015068621,-0.0030091673,-0.018832823,0.012475284,-0.039093964,-0.02705729,0.0104149645,-0.0007771606,-0.0018210189,-0.0037039693,-0.0030216998,0.0026418718,0.0045194747,0.005901374,0.00824882,-0.0045250026,0.0006948498,-0.012067033,0.0001363888,0.011162096,0.011662305,0.0013338348,0.0037763084,0.005523371,-0.002588677,0.0055998666,0.006468238,0.00022526096,-0.0043896423,0.005127209,-0.0009956054,-0.006209635,-0.0019544612,-0.0013106341,0.0073098848,0.0061268844,-0.0013331594,-0.0035883193,-0.00067122595,-0.0006613055,-0.0001256927,-0.0011125673,-0.0035611773,0.0043225368,Bhairava
-283.64673,124.69785,-0.16837093,19.69879,-7.606822,-0.33628485,-13.676671,-13.702736,-29.82125,-18.87989,-19.94652,-12.961898,-10.398558,-3.851754,0.9728967,7.9658995,-3.5745914,-7.5917306,-7.1625566,-5.842039,-4.128144,0.22110629,-9.789418,-8.895215,-3.9893978,-5.612608,1.2225649,5.214262,2.6719317,11.206267,5.299119,-6.603015,-3.481751,2.6737328,-2.1842494,1.6260122,5.2566013,2.7053776,-2.910031,-5.4130163,-0.03818746,-0.048453618,-0.02477241,0.015374323,-0.01408839,0.0015986298,-0.013600857,-0.0047940942,0.0042990847,-0.0035718172,0.01571614,0.00027626028,0.023561906,0.02110413,0.022173442,0.0077869017,0.013022973,-0.0024644395,0.0136719495,0.003120482,-0.013878056,0.012400233,-0.016102955,-0.0014670296,0.009304072,0.0037043963,0.01935078,0.011789684,0.0015334078,-0.0016030363,0.006293114,0.0043729865,-0.007274133,-0.005055546,0.005966211,-0.011631117,-0.020991515,0.00013440166,-0.010322238,-0.01864951,-0.027480904,0.006800711,0.01458212,-0.00318881,-0.0081594335,-0.0076123774,0.004524918,0.0060075335,0.0001063796,-0.00087572605,0.006647148,0.009117144,0.003368405,-0.004469963,-0.0014868766,-0.00300128,0.0029455004,0.0076233847,0.0024262578,0.0003975434,0.003977205,0.00014070634,0.0036549359,7.083161e-05,-0.0051202304,0.0015397072,-0.0048582107,-0.004177298,-0.0023736048,-0.0017687936,0.00020368483,-0.00024390988,0.0025242877,0.005396776,0.0034504253,-0.006965036,-0.0073228264,-0.009461653,-0.0032706554,0.0030622308,Bhairava
-297.7753,134.1931,5.2200794,17.039139,-4.5498953,-1.5944667,-14.427438,-17.369205,-23.162853,-20.28179,-20.247004,-6.084413,-9.40968,-6.410483,-9.607775,-6.9669876,-11.760731,-7.5914626,-5.4340744,0.78204757,-0.0974522,0.822023,-1.9668177,2.0855467,0.6972066,-2.327153,-0.20243627,-0.13894299,1.8755711,1.443663,-4.4060535,-5.268919,0.040201794,3.0871124,-0.4493962,2.3243725,-0.46527633,1.62819,-5.4934645,-4.0848975,0.020407028,0.026998345,0.008400993,0.018036187,0.015184981,0.009627117,0.011039599,0.011653111,0.0044523426,-0.007799571,0.011464621,0.010912462,-0.0063896854,-0.013109007,-0.01842086,-0.009606789,0.002452671,-0.0022393703,-0.0054818653,-0.008471301,-0.017955832,0.0066222386,0.010349895,0.013592391,0.013676622,-0.01181312,-0.00033870683,-0.010706699,-0.0055794106,-0.004771248,9.021632e-06,0.0052355397,-0.0039964668,0.0028727197,-0.0044891904,-0.008268286,0.0013124753,9.935149e-05,0.004101915,0.00030971898,-0.0843088,-0.008554613,0.009674958,-0.0048271837,-0.0009461808,-0.0055942186,0.002221612,-0.001444184,0.005174182,-0.004475781,0.0041459515,0.007939669,-0.0031315894,-0.005803391,-0.0045770193,-0.004736751,3.114576e-05,0.004526776,0.0017911155,6.8845555e-05,0.0029746583,0.0021596362,-0.0007618659,-0.006613505,0.0024176408,-0.0043988395,-0.004219525,-0.002523128,0.00040345057,-0.0044694147,0.005628679,0.004532024,0.0023531453,-0.002943113,0.0050297105,-0.0038409908,-0.0007320876,0.004150432,0.0018471957,-0.0022907634,Bhairava
-297.1102,157.1041,3.426215,20.81557,0.55886847,7.3876348,-2.3505263,-7.5610847,-17.020887,-8.758131,-25.437634,-14.334704,-12.167319,-9.939366,-7.263521,-2.931396,-7.4722185,-13.747436,-8.491575,-8.25089,-9.570003,-8.47254,-8.294384,-2.0507436,-1.5003031,7.348083,5.0595236,-0.70386237,-3.7528813,2.7304,2.71925,0.45152086,-2.9652839,-8.943768,-2.4326875,-2.5831888,-0.3535513,-3.1924934,-8.536534,-3.1277447,0.07613627,0.013871736,0.0075744335,0.01347146,-0.001784539,0.0047919233,-0.006945039,-0.01042597,0.0051144604,0.005089096,-0.0017637252,0.010488172,-0.00227352,0.003714514,-0.0037563418,0.00066902745,0.0023884925,0.0025312249,0.00701103,0.0036335315,0.009117089,0.0067760423,-0.005221107,0.007781866,0.011052366,-0.00019918747,0.0020781364,-0.0065725744,-0.017808948,-0.0043153716,0.002127011,0.0043071327,0.0042102295,-0.0054016425,-0.00763168,0.0074652247,-0.0014751115,-0.0053631007,-0.0014588546,-0.0070972554,-0.08528023,-0.03144067,0.010711969,-0.004091194,0.0085198805,-0.0020343142,0.0043352796,0.0052881306,0.0028250618,-0.0054715746,0.0071720323,0.006997696,-0.0036061094,-0.004362322,0.00067766866,-0.0060229595,-0.0013829032,-0.002331393,-0.002312036,-0.002015445,0.0017905219,0.0024411227,0.0028442019,0.007196357,0.0019721875,-0.006031567,0.0006800324,0.0014023843,-0.0023297933,-0.006619057,0.0019505068,0.0024266702,-0.0001295071,0.0023425187,0.0013600775,0.004088417,0.0030024857,0.0034395652,0.0065886322,-0.0016693682,Bhairava
-262.5993,132.23158,-5.329441,22.064737,-1.2017831,1.3243315,-10.8056135,-11.58809,-20.176598,-19.348827,-23.882395,-11.302872,-15.394542,-6.028736,-10.034036,-7.908096,-9.330636,-2.1955662,-3.8711908,-1.9662758,3.9653704,2.9742792,-2.003145,-1.032298,2.2878635,1.8372293,0.24488108,3.720897,-1.6430478,-4.0685105,0.6464824,0.95209754,-7.2714076,1.5409111,-4.2274556,-3.7892406,-2.1606936,-2.8565748,2.2707646,1.7948036,-0.024607545,0.029277962,0.015148281,0.0068215863,0.0026228924,-0.01814713,0.0030072848,-0.011536848,-0.0011437954,0.0049243974,-0.0037121705,0.023449628,0.0039959797,-0.006560396,-0.017843071,0.0027037344,0.013581191,-0.011680733,-0.0071613505,-0.014148632,-0.008537909,0.00036115953,0.01928235,0.0069510294,0.0074518905,0.013442053,0.0037989935,0.0023869146,0.011352233,0.006790782,-0.0008139936,0.00058264885,-0.007317353,0.0057778135,0.009917602,-0.0063289492,-0.005332541,-0.010345551,0.0042880448,-0.006768474,-0.053916454,0.0009722525,0.0051907185,-0.005748867,0.0056788237,0.0062487656,0.010032635,0.00655816,0.0013801847,-0.00064801186,-6.334851e-05,0.0017345388,0.00019854022,0.0005290474,0.0080634,0.0038918771,0.0008287854,0.003925844,-0.003901685,-0.0010734667,0.00032861202,-0.0015460995,-0.0003582176,0.003968702,0.0012030415,0.00064122095,0.0029447032,-0.0011776814,-0.002002859,-0.0014148712,-0.0014783498,-0.00024238879,0.004022743,-0.0021866504,-0.0016232601,-0.0010261247,-0.00022267942,0.0006133007,-0.0008499004,0.004158524,Bhairava
-242.2538,134.35172,-8.4400425,28.407415,-3.7406538,6.3472996,-12.838518,-3.509863,-20.52449,-13.001762,-18.392044,-18.415213,-16.64862,-7.601761,-11.833427,2.0067608,1.7115586,-3.4984787,-7.6529603,-2.719196,-7.062412,-1.8200665,-0.24339761,-7.229127,-8.756833,0.8900442,-6.786364,-4.1674924,-5.2245226,-3.361316,4.3051095,8.596639,7.0604186,6.1800575,8.17581,4.583143,-1.4738449,-5.2374854,0.9470261,6.4504657,-0.012308178,0.036660407,0.008348347,-0.00066615373,0.0028648397,-0.013940977,0.00015878379,-0.010154433,0.007341457,0.00894048,-0.004473717,-0.0010136241,0.0033897425,0.0016067701,0.0007822952,-0.0020507816,0.0025915354,-0.0078073563,0.014728149,0.014389051,0.007491658,0.010564748,-0.008921688,-0.004745479,-0.00047866112,0.00061800017,-0.005787444,-0.0097117135,-0.0020345093,0.014844292,0.0016470349,-0.018947614,-0.015750013,-0.009080104,0.0055464096,-0.0048872316,0.010682854,0.021589683,0.017109847,-0.018617358,-0.016040647,-0.007192048,0.005200946,-0.00082938327,-0.004638683,0.004295406,-4.4619846e-05,0.007777363,0.0021954703,-0.0007740849,0.007928166,0.0005204681,0.004561818,0.0019019669,0.005404455,0.005681601,0.010083437,0.012268622,0.0043592933,-0.0023957368,0.0041793142,0.0010626445,0.0010164173,-0.0015778498,-0.00073936593,0.005279623,-0.0017949925,0.0010352341,0.00052110234,-0.00088905793,-0.002149015,0.0035936064,-0.0016477709,-0.008214005,0.00044938643,-0.0010224073,-0.0040100375,0.003756732,-0.002037151,-0.003641756,Bhairava
-230.05556,123.25104,-5.66591,32.20196,-2.3489473,3.6067953,-9.816479,-13.687108,-26.331596,-14.655521,-20.617678,-7.572551,-8.520311,-8.859338,-12.197525,-5.5089583,-12.842298,-10.179106,-10.2086525,-9.3379545,-4.8486075,-0.64756775,2.3613396,0.16183779,3.944892,2.917277,-7.652602,-0.2282433,9.691307,12.074163,6.4813275,3.7892947,-2.988168,5.5571547,-1.9760717,2.3039637,-0.36864623,-1.128654,-0.32696697,-6.1007633,-0.016812768,-0.0108132,-0.014302138,0.01346152,0.012873462,0.0025018926,0.017341817,0.011365042,-0.0017386267,-0.00288333,-0.0050531807,0.018000558,0.015019044,0.0049351966,0.012225515,-0.018308556,-0.036827687,0.0067875753,0.0006835282,-0.0036141563,-0.005721696,0.007020841,0.022589577,0.0032928428,0.016866468,0.016735291,0.019271245,-0.0079093445,0.016363135,0.011041687,0.001442639,0.010276805,0.004524231,-0.010222766,-0.019608648,0.020213356,-0.012829934,-0.013300908,0.004367125,0.0051221377,-0.09515081,0.021854198,0.0026372636,-0.00020445728,0.0047258744,0.0013608058,0.0030860289,-0.0036599592,0.0068852813,-0.0021401348,0.004046983,-0.0020911964,-0.0069273184,-0.0060927146,0.0006124497,-0.003442878,0.005815178,-0.0013776262,0.0016076727,-0.00074545504,0.0015110719,-0.0072111906,-0.007270082,0.002258782,-0.004638083,-0.0011486602,-0.011328055,-0.007129021,0.0036615713,-0.0054568136,-0.0026896228,-0.004219807,0.0012963208,0.0075761555,-0.0026900242,-0.0038586662,0.005985055,-0.0027741205,0.0056583616,0.004527636,Bhairava
-327.06677,138.57095,15.06068,16.049513,0.26062778,-1.1631882,-9.493803,-22.6157,-20.09281,-14.354195,-18.871666,-5.5255246,-11.365633,-7.3496985,-8.057605,-9.998683,-16.458418,-10.412459,-12.369559,-6.6787963,-3.464636,-3.8009934,0.028368961,6.2283497,9.871598,1.8982697,8.81203,7.8983555,5.452349,3.6568239,-2.930422,-9.004419,-3.6208496,-2.3348904,-3.3463004,-1.1970086,-8.776681,-2.6537411,-3.1840205,-2.1564097,-0.0008540136,0.0080468245,-0.005058901,-0.011382192,-0.011475693,-0.0010746774,-0.006320277,0.009640811,0.0036329783,-0.022609664,-0.009134138,-0.0003366622,0.015082812,0.0075318823,-0.0039113783,0.0063235643,0.008309461,-0.010012295,0.0070943986,-0.003698026,-0.011303442,0.005953793,0.004276536,-0.0022163233,-0.01209258,-0.0030191806,0.005610282,0.015735097,0.0044603813,-0.016822034,-0.013064998,0.009597856,-0.003443295,-0.010843928,0.00043942832,-0.010192497,-0.0034205418,-0.007910378,-0.00010200356,0.007875278,-0.0980807,-0.03698467,0.01119962,-0.002501921,0.006896943,0.00071671506,-0.0020905426,0.008223848,-1.3482966e-05,-0.003142314,0.0026640852,-0.004384946,-0.0010763869,-0.0012074566,0.0063014715,0.009527779,0.0030870468,-0.0060176966,0.0019998967,0.00010724679,-0.0010346308,0.0013517985,0.0014882487,0.0005476083,-9.276616e-05,0.0017245399,0.00062471576,0.0007489238,-0.00031089023,-0.0038810854,0.00092864654,0.008181368,0.003645076,0.0042889663,0.0088631455,-0.00060598634,0.0057480955,-0.001781778,0.0028112035,0.0063807224,Bhairava
-208.14809,126.98817,-24.63125,25.314125,0.96233803,4.498594,-15.705479,-13.732993,-25.714025,-15.380403,-23.434818,-11.217706,-6.699743,-6.865876,-7.547333,-4.0962906,-5.6307106,1.02585,-9.363917,-7.3457294,-5.483268,-3.4836798,-4.6781206,-0.8003921,-2.026541,-0.39446786,-1.0893494,1.5780584,-0.09104297,-3.557354,-3.5686498,-1.6495321,-2.1238048,3.3422787,-2.2519155,-3.6430619,-4.1237698,-1.9719579,-8.596651,2.076362,0.03292818,0.006357671,-0.009149639,-0.011403039,-0.015736924,-0.006991314,-0.0018385,-0.0030041698,-0.010829976,-0.0031504391,-0.011632217,0.007052517,0.0075965202,-0.0026732427,-0.0009024462,-0.0028625599,-0.009059878,-0.014591001,-0.004675959,-0.0013780906,0.004530675,0.0020775846,0.0011867401,0.0038207164,0.009528259,0.0023505304,0.00032992367,0.009317462,-0.010472722,-0.0018113962,-0.0055344,-0.0069563286,-0.0068541686,0.0051021823,-0.011462488,0.000400254,0.00067856594,0.004742681,0.0036750238,-0.012199282,-0.07250744,-0.015949002,0.01479828,0.00070565334,-0.0018416923,0.005885404,0.0015725468,0.0023105817,0.0048766453,-0.00015006015,0.0051098564,0.0025904798,-3.3537297e-05,0.0012449252,0.0043940293,-0.005635643,0.0020960825,0.0025802439,0.00729061,0.008606856,0.0006710533,0.0016346973,-0.0024467716,0.002198192,0.0031615724,-0.0030726842,-0.002835179,-0.0038801301,-0.0058026346,0.0017482481,0.0024939748,-0.001856408,0.00062303373,-0.0029501354,0.0022509038,0.00063621666,-0.001264894,0.004138676,0.0033703067,-0.002213398,Bhairava
-331.12958,143.12132,10.091885,24.80612,-1.6060655,6.9814296,-3.272725,-6.2607703,-20.667686,-12.620618,-20.433155,-12.46025,-8.928757,-10.798692,-13.661448,-9.23564,-7.19469,-9.508124,-5.4661946,-8.167832,-10.66247,-4.2887406,-3.7669895,-2.611394,-6.3099174,0.89785314,6.2847886,5.2905636,10.106583,9.606378,4.2206917,0.1415666,5.990277,1.3461499,-0.60593724,-3.3400981,-4.7369685,1.6773955,-0.33844504,-6.613765,0.07105614,0.019648634,-0.026207779,0.006306183,0.0053062076,0.005477659,0.006012653,0.0037849483,-0.0033738771,0.0056937602,0.008917984,0.0030652427,0.0016825168,-0.001078499,2.5385902e-05,0.0028654742,0.00045843763,-0.012748779,-0.006816936,-0.0011224017,-0.0008620507,0.009221094,0.008091834,0.008475934,-0.004558807,-0.012056155,0.0014817773,0.006594491,0.0065029226,-0.002487914,-0.004006815,-0.0017472851,0.0016998398,0.008900143,0.0049185287,0.0015231149,0.001819388,0.0027069189,-0.00032044284,0.002363754,-0.068412594,-0.026606938,0.0016389982,-0.00073368533,0.009208163,-0.006466721,-0.00048187005,-0.0011580134,-0.00063516566,-0.003974753,0.0013624002,0.0018715445,0.003171897,-0.0015161189,-0.00083893596,-0.0029358866,0.003388219,0.0077133,-0.0002020489,-3.1951015e-05,0.0007655918,0.005340696,-0.0029371195,-0.0022967744,-0.000390089,-0.002567394,0.0038319526,-0.00014818445,-0.0036967443,-0.0011600752,8.638081e-05,-0.002006093,-0.00076630886,0.005710376,0.00048728663,-0.0012097538,0.0025145325,0.0017838954,0.004822784,-0.000293758,Bhairava
-320.33026,125.30545,8.043271,13.241993,-3.4509413,-1.4985944,-14.417309,-18.252577,-21.213234,-19.024618,-17.374817,-2.880281,-10.649335,-5.71663,-12.538642,-13.972513,-14.819371,-1.295653,1.3123007,5.955728,4.467656,4.302826,3.878262,7.167962,4.4917254,-0.26485756,-1.7385776,-1.9328141,-0.1937232,-2.5341733,-5.898345,-8.98551,-3.726191,-3.3509088,-3.2117684,-1.0855716,-2.3359256,4.2845073,-4.5771184,-3.810473,-0.032392424,-0.031969436,-0.00033562194,-0.0044832774,0.007851858,-0.0008387545,-0.009095835,0.014546007,-0.0003564088,-0.0015375697,0.0047370335,0.0049862145,0.012140647,0.004198421,-0.017788677,-0.0088988645,0.013205053,0.018184405,0.021857563,0.0022165095,-0.00609603,-0.0033736476,0.004295291,-0.0016004395,0.0026947202,-7.691079e-06,-0.019962292,-0.015320845,-0.0064068553,0.005322957,0.00572051,-0.002429291,-0.008764959,-0.009472666,-0.001941616,0.0078050685,0.007944853,0.0011073101,-0.009573638,-0.009394455,-0.046209846,-0.0024728444,0.004430365,-0.0058946456,0.00405783,-0.0004066313,0.007956506,0.0047803116,-0.004641061,-0.0014906875,0.0050168377,-0.0019611798,-0.00063369103,0.0023459604,0.0007186055,-0.0065608257,0.0007346366,-0.007258469,-0.0009502678,-0.0026206365,-0.006017686,-0.0018544773,-0.00025279756,-0.00031755853,0.0008919863,0.0036453037,0.0059268563,-9.1893016e-05,-0.0034278694,-0.004094989,-0.0033950373,0.0039845994,0.00101541,0.0032518145,-0.0032039813,-0.0011309641,0.002129032,0.0027991154,0.0050112163,0.002031869,Bhairava
-292.18597,138.24254,2.674363,18.81764,-3.2913854,0.038032096,-12.336749,-10.885528,-19.138792,-14.433276,-23.067059,-13.963438,-11.528451,-7.657334,-8.174567,-2.9408681,-5.9291263,-7.4685535,-6.407592,-6.9812884,-3.9482825,3.5585554,6.3764095,1.3691343,-2.5816016,4.2261467,2.1860423,4.9853277,3.4158578,0.8361832,-0.9349229,5.8209605,0.32708508,-6.818364,-4.5054383,-1.2935932,1.4442816,-1.248937,-4.22879,3.19609,-0.074216984,0.043515716,0.040814802,-0.010718071,0.009174295,-0.0056257243,2.2347695e-05,-0.0028255961,-0.008101203,0.0071869963,0.009797488,-0.0137709705,-0.003009979,-0.013778213,0.0001724803,0.008682737,0.021810897,0.026122374,0.015725203,-0.0016248749,0.002885458,-0.030690279,0.0028331974,0.0038509355,-0.011450676,0.008875492,-0.023757039,-0.013642554,-0.01043645,0.005278407,0.016754918,-0.0070955623,0.00025539377,0.0010672397,0.02108172,0.0041493885,-0.009044118,0.01626948,0.007103766,0.0026375349,-0.08795443,-0.013992205,0.003025009,-0.004433796,0.012392662,-0.006192876,0.0023523644,0.0029315008,0.008146688,-0.0035164296,0.0020002532,-0.0019660774,0.010414246,0.0054016993,0.0017961423,0.0030231336,-0.004293273,-0.0009598976,0.0006895151,0.00063041586,0.01057876,0.0022146872,-0.00074143085,-0.0045640203,-0.0016678843,-0.0015983715,-0.0055742264,-0.0056313374,-0.005336586,-0.0012631494,-0.0028911638,-0.0034519627,0.0040470795,1.691227e-05,-0.0008325843,-0.0029670643,-0.00037242303,-0.0028664551,-0.0011196248,0.0037894496,Bhairava
-291.12006,129.4058,2.038878,16.838566,-2.5728297,-2.8244824,-15.497444,-16.649755,-21.428858,-19.817083,-22.529982,-11.315468,-11.85038,-6.088378,-8.133137,-6.4632206,-10.532298,-1.9139447,-3.4943345,2.8892694,4.446077,0.3305367,-4.5717716,-0.49804083,3.9039,2.0225017,2.9498596,0.5604131,-2.290978,0.65663546,-2.8234162,-8.619189,-3.1583152,1.6359737,-3.2390392,0.8446936,-0.9319654,3.051226,-1.6722311,-4.2181883,-0.04973214,0.042243768,0.026770858,-0.007463686,0.001227218,-0.008677669,-0.0030867595,0.0020553737,0.0043391953,0.006153589,-0.014387201,-0.016205685,-0.008067946,0.0036550355,0.02120171,0.023855753,0.008806086,-0.002293506,-0.0076126894,-0.010043054,-0.015196862,0.006625346,0.0014438324,-0.014365744,-0.0029796034,-0.016691562,0.0032383597,-0.0050758226,0.0064556706,-0.009358323,0.0057551274,0.024504531,0.010117481,-0.0035035606,-0.007920214,0.0075876033,0.002258227,-0.013372425,0.0049146144,0.0013905477,-0.064895414,-0.0050119977,0.0010942107,0.0010302782,0.0061896965,-0.003958713,0.0014571015,0.002861503,0.0056493557,-0.00017772692,0.0029361679,-0.0005656081,0.0076528746,-0.004487615,-0.0011617829,-0.00029551968,0.008105777,0.003947424,0.0018676077,0.0051316014,0.0003755336,-0.0048876316,-0.0016316149,0.002882769,-0.0006193049,-0.0051290127,0.0013662095,0.002109922,0.0066971104,0.0013937696,0.003940612,-0.0017993052,-0.008305097,0.002616768,0.0030017328,-5.5272292e-05,-0.00055007933,0.0019716881,-0.002156276,0.0034751357,Bhairava
-318.00934,141.54945,7.6481357,21.238785,-1.9765602,1.094595,-8.218368,-5.333122,-17.980902,-13.16623,-22.236452,-16.449242,-13.114005,-5.6723485,-4.8806186,-2.514829,-2.616688,-6.430358,-5.683505,-8.566565,-7.0848475,-2.3985987,0.24162677,2.2285569,-5.430881,-3.44782,-3.563489,-2.635545,0.5367082,-2.2998152,-4.554575,-0.14843626,5.281163,-2.2649143,-1.0673443,-2.9224749,-2.2957683,0.99896336,-4.649743,-4.929432,-0.13900669,0.0106096715,0.0002732071,-0.017198117,0.01310326,-8.662528e-05,0.021575343,-0.008095672,0.013692427,-4.003171e-05,-0.0059012286,-0.004329037,0.009936589,-0.01143226,-0.007824469,-0.016704693,-0.022357896,-0.0098143825,0.010106363,0.00019212055,0.019358248,0.015721139,0.029112123,0.010620764,0.0029039278,-0.025090992,-0.012154748,0.0050305,0.003299487,0.0052107326,-0.022976248,-0.014201023,-0.00021061586,-0.008208778,0.01631213,0.008981951,-0.028662838,0.014947689,0.008538665,-0.023857605,0.023042211,0.00033050025,-0.010583074,0.0029013278,-0.0047338028,0.007713388,-0.002856805,0.0011936425,0.003983897,0.00030663618,0.002256256,0.0027829194,0.009789975,0.0004667291,0.004555512,0.0014063858,0.0023364695,0.0015611326,0.0011597992,0.0027481075,-0.0033878037,-0.0035080458,0.0014020292,0.00022106692,0.0071026497,0.008827766,0.004885004,0.0036253086,-0.0006221484,-0.00064871635,-0.00092375954,-0.0028676083,0.0011994838,0.0014202397,0.003296905,-0.003386472,0.0034909495,0.0040428154,-0.002910793,0.0076838704,Bhairava
-308.26587,136.13129,9.19846,19.192982,-3.4601226,1.6332906,-12.13393,-12.445611,-20.165964,-16.976276,-24.517557,-11.392939,-11.553962,-6.2540393,-6.277036,-4.9918723,-9.711186,-9.552542,-5.492268,-5.0487895,-0.10130083,1.5089368,1.3054246,-1.0867188,0.9138368,5.292116,1.345027,3.8668127,-0.5900169,0.32687068,0.14557448,4.2981133,-3.6110337,-0.81744504,-0.71822965,-5.0504804,-0.635947,-2.636811,-3.524721,2.857469,0.123548865,0.016589355,-0.021421535,-0.0091795195,-0.0102459015,0.015909946,-0.018951714,4.0847015e-05,0.0056178076,-0.0017641439,-0.000115416406,-0.008144422,-0.010576198,-0.010525132,0.0026407626,0.011692828,0.005911247,0.026630128,-0.0062851855,-0.004863281,0.009067289,0.0039253333,-0.01901773,-0.017774759,-0.01855978,-0.014753831,0.001787864,-0.0037470448,0.006052881,0.0012822635,0.00077570457,0.03227012,0.011356968,-0.010418368,-0.0056056553,-0.0010768431,-0.007341961,-0.0037463258,0.026619686,0.018233886,-0.06353324,-0.017397024,0.008927822,0.0032649077,0.0030188295,-0.006398433,0.004626281,0.0029341844,0.00076318614,0.005636968,0.006268218,0.00258872,-0.00014154952,-0.0078842845,0.0016971376,0.00054690463,0.004100188,0.0017765452,0.0009351082,0.004169625,-0.0048979283,-0.0052604685,-0.00013069014,0.0006307648,-0.0033588768,0.0035741671,0.0033840092,-0.005207073,0.0034396301,0.00035335936,0.0033992631,-0.002527563,-0.0015173722,0.005163102,0.0048324536,0.00285353,0.0028450727,0.0018249856,-0.00045965565,-0.004957392,Bhairava
-306.96713,129.26216,2.3403432,22.265015,-5.071639,1.855394,-11.507624,-6.6008115,-20.295948,-18.069574,-24.846615,-18.33435,-16.76616,-8.117613,-5.41367,2.6596038,0.9807183,-1.4469323,-3.8037844,-3.3988783,-2.5193007,0.2573732,-0.029260736,-5.28102,-10.34784,-1.493267,-4.68637,0.60370183,4.5244484,0.16746521,0.4655329,5.7573304,4.0468755,2.5991387,5.3107004,1.3095713,-0.30910292,-1.5958513,-1.4382915,5.088777,-0.046467513,0.0081045,-0.0011581355,-0.007830489,0.0072492966,-0.0019849509,0.004873152,0.0009981935,0.023124186,0.01909634,-0.004482253,-0.005754993,0.016438672,-0.006924314,0.005747843,0.0037446462,-0.02522943,-0.013058457,-0.0057467497,-0.012596,0.015497822,0.011563083,0.002466161,0.03165388,0.017665977,0.016344322,0.030493833,0.0021006528,-0.013271065,0.009048054,0.015469659,-0.009075928,-0.029928202,-0.034002315,-0.009013797,0.0013386587,0.0028687846,0.0056950655,-0.008218916,-0.017623864,-0.045192864,0.0040838546,0.0035739597,-0.0076768743,0.011493745,0.002926241,-0.0061220615,-0.011995848,0.008686132,0.0034872415,-0.003993312,-0.004427854,0.0030285672,-0.0038301647,0.0028295834,-0.00077264,0.0003577948,0.0056247325,-0.0008460934,0.005471047,0.00084275554,-0.0053878766,0.0025376086,-0.0027866152,-0.0062536993,-0.00221405,-0.005613843,0.0027973123,0.0014835725,-0.001169469,-0.005242273,-0.005092867,0.0023125696,-0.005663617,-0.00875272,-0.0077467277,0.0050428323,0.0034544389,0.0038465105,0.0026121547,Bhairava
-210.25076,134.59122,-56.446903,-16.96307,-10.1005125,12.34771,-1.723268,10.262204,-11.613472,11.484081,13.792297,-11.29093,-4.260494,8.102621,-3.8192232,-2.1637588,-8.008227,-1.7751397,-13.163456,-2.5256855,5.1505823,4.364816,-10.137776,-4.6371994,-6.195765,-6.141297,-5.2272034,2.3036673,-1.0418721,-8.631374,-6.356701,-4.9604316,-2.0294578,2.6010613,-4.901475,2.1469824,-3.270364,-6.3998175,-8.749685,-4.5310545,-0.09617402,-0.0015291395,0.012640307,0.00045948685,-0.012611061,-0.0068572946,0.007847171,-0.005051562,-0.019579766,-0.0014181754,0.00036460796,-0.007954181,0.0037726404,-0.0038412472,-0.002654325,-0.00011624993,-0.008418105,-0.019439423,-0.01631104,-0.007667306,-0.005118966,-0.0036276367,0.00903479,-0.008320521,-0.013312037,0.00318177,-0.0050105383,-0.0131804,0.0027260617,-0.012494392,-0.015493312,0.0028898253,0.0011437412,-0.005332325,0.0010019504,0.0057489253,-0.0008227946,0.0052048815,0.0038492621,-0.003205248,0.0055519883,0.005113895,0.0074661938,0.0005220009,-0.00018536439,9.895971e-05,0.0017589134,-0.000544525,-0.0022758518,0.0006512102,0.0015848449,-0.00020891735,0.0032506709,-0.0038681198,-0.00159857,0.0015158907,0.0061768806,0.0035992542,-0.0006824455,-0.0006727709,0.0006297124,-0.001010222,0.0005002287,0.0058573945,0.0019054735,0.0032633387,0.003982228,-0.0023776435,0.00011328034,0.0012894499,0.002850502,0.0024145134,0.0018370365,0.0007125074,0.003778587,0.0028368386,0.0016714609,0.0027235136,5.3181295e-05,2.8638422e-05,Bhairavi
-221.77371,145.64905,-43.26488,-17.107857,-16.7199,12.367726,-7.248576,13.566473,-14.704415,5.8001156,23.301144,-6.046493,-5.3801746,9.4412775,-3.5053613,-4.4120355,-2.454879,2.8925242,-14.931224,-11.9957285,-7.353447,0.32050517,-3.5434966,-8.197417,-6.9584002,-6.318996,-5.1622105,-5.2079806,-6.3059225,-6.2990165,-3.7026477,-1.3933216,-8.1551895,-1.165206,6.6085005,2.0055454,0.32736504,2.3822684,-0.37592918,1.0602787,-0.06156382,0.009194874,0.0061723166,0.0002111163,0.008415677,0.008184216,0.008423451,-0.008118605,0.0034065247,0.007027455,0.0074728923,-0.009309288,-0.011678591,-0.021875685,-0.0047341953,-0.0023683477,-0.006291216,-0.027015667,-0.021165175,-0.0019421979,0.0070556668,-0.006482714,-0.010045461,-0.0027126537,0.0013307552,-0.00802661,0.0032663846,0.007228535,-0.0027427603,0.0044708475,-0.0003652454,-0.0141369505,-0.001431558,-0.010958868,-0.0033287914,-0.0056162016,-0.012618439,-0.0063441936,-0.0018281428,0.0054557608,-0.00752914,-0.001472176,0.008011251,0.00572524,0.0048068054,0.00041320614,0.0048187664,-0.0003962175,-0.0019197545,0.00094529794,-0.0032456196,-0.000994757,0.00251082,0.0002412861,-0.0033116639,0.002808819,0.0072611975,0.002793761,0.0019096704,0.0023727787,0.00043183027,-0.0014102946,0.00052841776,-0.0012628239,-0.0027723117,0.003674008,0.0051345825,0.0030773524,-0.0012279544,0.00045859368,-0.0023735082,-0.0026087693,-0.0015370443,-0.0027200428,-0.000108766595,0.00034900117,0.0020357617,-0.003714365,-0.0063340836,0.0010225307,Bhairavi
-190.47273,143.05614,-61.87753,-11.857578,-20.142027,14.805872,-7.489355,9.359202,-5.374172,8.714158,12.969168,-1.7458037,-6.243749,4.789826,-5.2655077,-1.3717633,-5.616407,3.0646544,-10.43008,-6.1030145,-6.0727873,2.3676014,-7.2099338,-8.164386,-5.720705,-4.6713514,-7.051915,-2.3518279,-3.9007041,-3.5105402,-5.3966584,-2.8883839,-5.2423105,-1.1884236,-2.9687657,-3.522602,-2.6391227,-0.9157309,-6.2500396,-4.5799184,-0.02440753,0.004913382,-0.0148851825,0.0034048234,0.007332473,0.007691561,0.011057789,0.010244808,-0.003183098,-0.0008149202,0.008001687,0.0018916574,0.00390432,-0.015495381,-0.010098128,-0.020693772,-0.0164864,-0.012032704,-0.0005605688,0.0004446826,2.7563057e-05,-0.0006012044,0.0014025561,-0.0052329306,0.0029672182,0.0022407863,0.0033730953,0.0025529752,0.0030435845,-0.007836818,0.0060718604,-0.004322178,-0.01823216,-0.017693432,-0.014894367,-0.016563362,-0.01132167,-0.0036294095,1.3621025e-05,-0.004644407,-0.017784772,0.0008341898,0.012017034,0.00014017474,0.011131236,0.005116228,-0.00013255683,-0.0049308334,0.0015870414,0.0017881318,-0.0010072325,-0.0016171474,0.0020680595,-0.0033957951,-0.006454302,-0.0029221512,-0.0019760109,0.00019734757,-0.0020972854,-0.00213029,0.003051923,0.0012577684,-0.00020955893,0.0004886374,-0.0005635551,0.0036312225,0.0042066467,0.0026698804,0.002724231,0.0040315166,0.004912381,0.002516295,0.0013723198,0.0028701222,0.005323118,0.0035606092,-0.0033617471,0.000893973,0.00087172794,0.00082940026,Bhairavi
-226.40868,128.32047,-54.146076,-17.806366,-6.4809985,10.729632,-3.2141602,10.134729,-9.396991,23.58564,2.6699808,-11.59543,9.221587,-3.126342,-11.905134,-1.0514225,-2.8915448,-9.516021,-9.571384,1.9468654,-0.8248277,-8.667359,-14.415458,1.5125594,-8.094372,-6.994267,-6.0569644,-6.0817285,-6.71314,3.4663968,-1.9386332,4.3919263,7.2353683,-2.3057914,-3.450591,-3.4329352,-4.9966645,-1.5410571,-5.7244077,-1.6052521,-0.07492645,-0.026195401,0.00019693929,0.021176321,-0.0055319364,-0.015567769,0.009330753,-0.005945174,-0.015838746,0.015744679,-0.010997148,-0.015330215,0.0043681054,0.00027365,0.0089753745,0.006499482,-0.009347692,-0.008336122,0.011279351,0.016533459,0.008891201,0.012125144,0.008637119,-0.009547557,0.011353732,0.015016751,0.012011762,-0.006749148,-0.0031515476,0.009557272,0.00096030574,-0.008490434,0.0025026929,0.0002030832,0.002980758,-0.003326358,0.0038633763,0.007423559,-0.0033074592,-0.011483398,-0.021162597,0.002055957,-0.006627112,-0.007343393,-0.001144204,-0.0019838596,-0.005370831,-0.008406544,-0.0023883074,-0.0041607656,0.004512202,0.00490411,-0.0058156536,-0.003737251,-0.00029951596,0.0040842574,0.0011798694,-0.0014292244,-0.0053016283,0.004085431,0.002622031,0.0008252288,0.0056693186,-0.003633052,-0.002361322,-0.0013722064,-0.0009098181,-0.0011889131,-0.0048114113,-0.0023752158,0.0009125031,0.002151519,0.0055373004,0.001887454,-0.0018453372,-0.0010651306,0.0028098652,-0.0011328227,0.001983047,-0.0015306771,Bhairavi
-233.87428,125.72233,-45.905865,-15.576575,-9.55952,9.779176,-1.1182256,12.93893,-10.485098,26.76432,7.8567867,-15.626558,6.664258,0.52603865,-10.883853,-5.6134887,-5.326919,-7.898912,-7.9198413,1.6917965,-2.4718049,-2.2147272,-11.197402,-3.7600687,-8.435101,-7.8603725,-6.5360975,-5.172071,-8.481844,-1.3618723,5.093263,5.18367,11.358206,3.8878253,-3.2098875,0.1428667,-6.287284,0.7476208,-1.952833,-1.1013856,0.002362258,0.0073508346,-0.018593177,0.0043302267,-0.0038376767,-0.015360695,-0.0071036783,-0.010909776,-0.022413429,0.0008632851,0.0020924872,-0.009376899,0.00022971637,-0.015655372,-0.012386248,0.0010862006,0.0057331715,-0.015211744,-0.007018337,-0.0017258971,-0.010047326,-0.009769367,-0.001530475,0.00032970402,-0.0046045934,-0.004711491,-0.001279026,-0.0055223876,-0.00072919467,-0.0054502306,0.013335858,0.0074825976,0.0036942572,0.007960014,-0.0036577226,0.00429562,-0.0037635835,0.0020848643,0.0009378111,-0.00048840826,0.021513063,0.0015686827,0.0097925,0.0133561175,0.0024455655,-0.0033679453,0.0060022078,-0.006539641,-0.002332832,-0.0038250224,-0.005233453,0.0014711377,-3.6515386e-05,-0.002711674,0.00070981384,0.0048232805,0.00062654685,-0.004466282,-0.0016284218,-0.00074099127,0.0016432345,0.0025323133,0.0013377687,0.0033294437,0.0020019244,0.0019342686,-0.0015154326,0.0014994073,-0.001843431,-0.00011199391,-0.00056100584,-0.00062333985,-0.0052829026,-0.0017764675,0.0015468328,0.0010846395,0.004403023,0.004978572,0.00081688527,0.0025008463,Bhairavi
-368.46317,68.35622,-23.72186,48.004013,-5.4067855,-3.0945828,-0.35385865,3.4155078,-4.2638335,10.516473,-3.7529297,-2.0052803,-16.61308,1.8940856,-4.848811,-3.5493035,0.023404596,2.1910868,-0.73695916,5.50751,-0.38682163,-2.05558,-3.9294336,5.8432603,3.193963,13.613382,11.244569,1.3851094,4.661693,1.4352169,0.5461509,7.3594685,3.5684607,4.200302,2.4042315,1.8800151,5.8797607,1.5917242,3.6249728,-1.3437005,0.12981151,0.017372962,-0.017819801,0.042641643,-0.007327386,-0.036411203,-0.017989373,0.0058514387,-0.012718563,-0.02364247,-0.014122552,-0.012633988,-0.017121233,-0.011576791,-0.009061023,-0.0003745413,-0.0064328564,-0.009585141,-0.010242948,0.0071402756,-0.0045203697,-0.002573463,0.0069636963,0.018975427,0.018488148,0.022116505,0.015627889,0.0027853402,-0.005347513,-0.0022656727,-0.0033340375,0.008655832,0.0073030237,-0.0048433286,-0.0040683667,-0.0037040536,5.648185e-08,-0.00033850296,0.0051714117,-0.00020704146,-0.0022551848,0.01157716,0.00097528874,5.5454315e-05,-0.0013293193,0.0050126337,0.009688609,-0.0005899058,0.0049061035,0.0010969597,0.0042873556,-8.344632e-05,-0.0015115327,0.0031927307,0.0022890395,-0.00072344433,-0.00069576735,-0.0039536464,0.001684968,-0.004738252,-0.005382896,0.0028997292,0.0013088159,0.00030246665,0.0001261171,-0.004589107,-0.008382883,-0.006331155,-0.004401944,0.002712208,0.0028432363,-0.0016871158,-0.00071876374,-0.0050784433,-3.736365e-05,0.00764986,0.006150796,0.0013079729,-0.0033275,3.477725e-05,Bhairavi
-363.41678,63.466988,-26.466284,51.640347,-4.6426616,-6.224335,-4.4274635,8.336354,-4.745162,7.428253,-3.6923811,1.9336188,-17.264954,1.7825902,-3.716068,-4.5928984,-0.8026566,2.1176507,-0.44963115,8.485954,4.289067,1.9945557,-3.9847035,2.1847908,0.9839755,6.674217,12.662533,2.7587085,4.3975496,3.4250622,-0.83381885,3.7579117,4.0177736,1.7570523,3.2865782,0.191565,6.6777196,1.0684354,3.9996347,-0.60921973,-0.039399274,0.012638001,0.003452112,0.0029587,-0.012790653,-0.012580862,0.008775247,-0.015551003,0.0011570696,-0.004438498,0.0017072859,-0.003017221,-0.019593606,-0.017655943,-0.0071802577,-0.005990823,0.02838487,0.026404547,0.030372314,0.015233458,-0.0065947734,-0.019082252,-0.0117049245,0.0056766733,0.006759427,0.002350215,-0.00016187542,-0.0055107563,0.0020413257,0.003580793,-0.017286975,-0.01543478,0.0018061403,0.009684534,-0.0007004758,0.0059348955,0.008562625,0.0086835995,-0.0011785036,-0.0120465495,-0.06642038,-0.00017313953,0.0137222735,0.0028855226,0.0077069225,-0.007106982,0.012468933,-0.0016328247,-0.00041687256,0.003952298,0.0064570894,-0.0019502898,0.015246381,0.0044862544,-0.00042314443,0.005714967,-0.004847556,-0.00770251,-0.010194868,-0.0064716213,0.004425868,0.006638662,0.004474125,-0.00013704936,0.0071142875,2.090204e-05,0.002952303,0.008821231,-5.5281755e-05,0.0009695081,0.002772111,0.00775246,0.0005720904,-0.005327693,-0.0062362715,0.00076002674,-0.0012185343,-0.0050497507,0.0018943844,0.004290888,Bhairavi
-354.83862,62.41102,-25.282705,53.054676,-10.287767,-4.11543,-4.255632,8.291727,-5.395445,6.4595084,-5.074972,1.0533018,-17.65074,3.3735726,-5.532475,-3.028505,-2.4938295,4.650007,-1.4961655,11.11683,1.8189971,2.3105843,-3.7540007,5.7917995,-0.8455698,9.118387,9.485757,3.3142598,5.5119205,1.2919348,-2.038309,4.4182777,2.844961,4.1965833,1.9198288,0.8604829,5.2704163,0.5928892,3.3841267,-1.4379689,0.15349235,-0.00026371167,-0.032703593,0.021780016,-0.02662333,-0.03973827,-0.026900942,-0.009060442,-0.013588524,-0.01672897,-0.0075398753,-0.0053082528,-0.024881741,-0.0073398156,-0.0077086696,0.014620697,0.035097443,0.007846095,0.027968971,0.007235446,-0.017714571,-0.0025063946,-0.010168478,0.006423666,0.008931466,-0.018803095,0.004762041,-0.008991745,0.00037800352,0.0054160813,-0.027920553,-0.009393309,0.013114309,0.026386457,-0.00028733123,0.0061054863,0.012105075,-0.0056139682,-0.018256882,-0.008001467,0.01981633,0.03024929,0.010912674,-0.011105079,0.0021011694,0.0022771724,0.0007481897,-0.01365515,-0.0031337081,-0.008771713,-0.003608709,-0.0023818512,0.004839698,0.0006886329,0.0021698885,-0.0047198557,-0.007785945,-0.011538035,-0.015712647,-0.0117407385,0.002205622,0.004048594,0.008943477,-0.0051078754,-0.0012562696,0.0002196113,-0.0028343454,0.003516922,-0.0018160624,0.002164525,0.0023348886,0.0018384802,0.0033079213,-0.0040546767,0.0011704663,0.0017479771,-0.0014135324,-0.0066799033,-0.0027882266,0.0048706178,Bhairavi
-364.8176,48.93245,-8.875256,42.892326,-14.066297,-0.22198127,5.247191,1.8437737,0.7469681,0.6856335,-9.844349,-8.307971,-0.4376304,4.2129903,-7.3624005,6.401845,-1.8325063,1.9457972,1.1547216,0.86104304,4.0394497,14.83426,9.325609,9.587803,4.9458075,-1.6410906,3.7091365,7.427746,0.9825395,8.74078,-3.6857145,4.601949,1.0252869,2.7789438,-1.1196158,-2.4907587,-1.9536184,-2.7035353,-4.086447,-2.996932,0.021670107,0.07012674,-0.01475277,-0.005841529,-0.008738608,-0.018515842,0.001584397,-0.014743355,0.0064201527,0.0013851529,-0.018091552,-0.0034767236,-0.0043198066,-0.012230874,-0.007992505,0.0006312524,0.0095714405,0.0021201945,-0.0068710903,-0.013368944,-0.015668072,-0.007264333,0.0043257303,0.023686612,0.03332982,0.021453246,0.0071357572,-0.0052100806,-0.018281996,0.0010220371,0.0032201423,0.008185231,0.0024781935,-0.009673872,-0.00260414,0.009129328,0.0055994326,-0.009516303,-0.010966214,-0.0032096417,-0.009738707,-0.008863139,0.029542593,-0.0015723843,-0.006488194,0.0030434432,-0.002831616,-0.00064859533,-0.0008480055,-0.009910967,0.0012342096,0.00011996841,0.0028949368,-0.009124855,-0.0031342572,0.004880525,-0.0038835881,-0.0018267131,0.0054593934,0.004768946,0.0011142811,-0.0025610663,-0.00819271,-0.011100254,-0.0056767934,-0.00057925127,0.005096144,0.0037217548,0.00496285,-0.00043651523,-0.0048040613,0.00029984332,0.002394018,0.0040358594,-0.0042634476,-0.004317682,0.0006404627,0.0019822377,0.0013704852,6.2744635e-05,Bhairavi
-350.9118,38.56696,-17.383259,43.98767,-14.181005,1.5443271,-0.23661005,3.7847266,-1.5806193,3.3522058,-4.263619,-9.514135,-3.1584818,10.530515,-5.749925,4.1091065,-2.606776,-1.4020268,4.7008257,7.5926385,9.12189,13.966678,5.201087,2.5769434,-1.1787667,3.9792476,0.03215348,11.400994,0.4391704,0.66929466,3.6103544,4.405948,1.7932235,-2.956877,-4.0614533,-1.6526909,-3.2120695,-0.9229315,-1.4793544,6.6159725,-0.018761886,0.008321652,-0.024326742,0.022058105,-0.012473938,-0.031076446,0.020141697,0.0017885409,0.0037212018,-0.0018700361,-0.009806398,0.003443067,-0.004167503,0.005177439,0.017624846,-0.011246596,-0.014681681,-0.007987613,0.0031205101,-0.008874919,0.0011590585,-0.0028486769,0.001084334,-0.007853948,-0.010432551,0.014393201,0.008207858,0.0038838747,0.008053461,-0.006083224,-0.0053457855,-0.004611335,-0.0011331517,-0.00082949275,-0.00094345055,-0.0021620016,0.0046859123,0.003026356,-0.004603136,-0.0016972967,-0.01980235,-0.010318385,-0.005765861,-0.00041422798,0.004528762,0.0076774554,0.0022678392,0.002777659,-0.0026198097,-0.009940378,-0.0011872775,0.0074823257,0.007880711,-0.003350123,0.006927654,-0.0002526888,-0.005257593,0.0033684624,0.0026798714,0.0091014765,0.0060188114,0.004137138,0.0031865768,-0.004909386,-0.0066180527,-0.009194551,-0.005000118,-0.00506178,-0.0005181515,0.0050908406,-0.0021261652,-0.00081635814,-0.0017157644,0.0019874445,0.0046257917,0.0012072191,-0.0049845236,-0.0015779173,0.0022279134,-0.0017203783,Bhairavi
-612.0705,164.46686,-66.31052,-16.747412,-3.9521782,-13.56781,-12.516783,-9.098722,-3.5871508,1.5787483,1.1033665,1.3366128,9.666982,8.690689,1.0371983,4.763936,1.2095209,5.225703,-1.6326097,-1.5056254,2.4381526,-3.9453127,-7.872776,0.6520787,-4.2898865,-5.937531,-0.91626835,-7.591165,-9.48449,2.7699606,2.2786028,5.274976,-0.69928855,-5.2275314,0.42505676,-2.9251375,-9.017922,3.4854977,4.408016,0.986057,-0.061543923,0.033402245,-0.05867801,-0.0235369,-0.013679479,-0.02096531,-0.009706136,-0.01851631,-0.00067775865,0.004486524,-0.0047480296,-0.0069264723,0.010015808,0.005985882,0.013199745,0.0061691715,-0.006786409,-0.00055496994,0.0053882203,-0.012773451,-0.012197685,-0.0036231154,0.00025249866,-0.0008730058,0.0034764956,-0.00013848265,0.0011006789,-0.013478696,-0.006276162,-0.00045756315,-0.002503197,-0.0020231865,0.00025509894,0.0040664077,0.009620679,0.0005320242,-0.0035737555,0.004300506,0.008851178,-0.002069163,-0.04975597,-0.015048603,0.0110157775,0.006807689,0.00036579333,0.008957089,0.0125310505,0.010281351,0.006776807,0.0026709617,-4.5706216e-05,-0.006463211,-0.012332064,-0.014411873,-0.004883489,-0.00017855417,-0.0037635616,-0.0034345733,0.00040707152,0.0012333387,0.004243912,0.0022471752,0.0031976267,-0.00025451888,-0.0033084713,0.0013936069,-0.00042994,-0.0045073857,0.0004897573,-0.0005556125,-7.197478e-05,-0.0029286186,-0.00056935597,0.0006172655,0.0012690168,-0.0003509776,0.0016940422,-0.00029348087,-0.00010862787,0.00032611078,Bhoopali
-459.95084,151.5406,-27.250835,-26.530952,-5.886585,4.680635,-14.157928,3.2436688,-14.802487,0.7580238,17.925428,2.7379,2.327197,3.4971814,-2.448305,-3.0137887,-11.524287,5.2647285,-13.624877,-7.100434,-1.3306106,-5.6894746,-9.549252,1.7390577,-1.5069096,-1.0329707,-0.1886492,0.4161699,-6.285594,-6.335465,-0.67994434,-7.8251734,-0.029183114,-6.346876,-6.3042827,0.97543573,1.727336,3.9496446,2.7976065,2.283914,-0.06632365,0.022639483,-0.0339608,-0.027698431,-0.0023001782,-0.018211773,-0.02210757,-0.018365568,-0.0108274,-0.0030714832,0.0025998987,-0.008944078,-0.003521482,0.005760705,0.0077803973,-0.0069833724,-0.008548988,0.0032046752,-0.0020677228,-0.0113862865,-0.008724738,-0.014845178,-0.014750648,0.00038419594,-0.0053138663,-0.006902315,0.0043268017,-0.0035102426,-0.0049170237,-0.0050504175,0.001584606,-0.00075328076,0.001896665,0.0034611959,-0.0021733602,-0.005615798,-0.014836907,0.006135376,0.009111796,0.021038655,-0.009194726,-0.0035478824,0.0034249304,0.0029188837,-0.0038746956,-0.0021838949,0.005391804,0.004786391,-0.002983018,0.0015904341,-0.0013865813,-0.005978951,-0.009734604,-0.010504438,-0.0046513313,-0.0034610338,0.0006928426,0.0025886556,0.0018512807,0.0020072968,0.0015077912,-0.0013632876,0.0011897638,0.0024247782,-0.0021649231,-0.008278234,-0.0058159996,-0.006858155,0.0004916144,0.0016357151,-0.005660071,-0.0028337473,0.0007019006,-0.0015649152,0.002611581,0.00048680507,-0.0008690689,-0.0012441826,-0.005129889,-0.005773155,Bhoopali
-292.2428,147.37431,-35.233017,-8.985109,2.9000728,2.5148392,-15.291674,-14.808402,-15.963381,1.6984211,2.6276882,-7.19812,8.711576,5.928659,3.630017,1.5522559,-0.1399844,6.62242,-1.7005359,0.015075149,-2.2791996,-4.853346,0.8394574,2.4498086,-8.383033,-8.666385,-1.8999106,-1.3938649,-2.71577,3.858091,5.872412,-0.5797589,-4.154203,-5.9613614,-3.5637298,1.2232455,7.66905,4.4928446,2.544433,1.0741317,-0.093626566,0.02147932,-0.04290192,-0.033846438,-0.0051384587,-0.018228117,-0.018101629,-0.027512973,-0.011795597,-0.0040385616,-0.010120143,-0.0003255943,0.022036333,0.01056093,-0.0024348916,-0.019436609,-0.0121308435,0.004508284,0.011348713,0.0034368613,0.00011530227,-0.004360834,0.00420318,0.0071735973,-0.009016026,-0.012532774,0.0036060896,-0.009430385,-1.6968564e-06,-0.0013292669,0.006624512,0.0055103907,-0.010211812,-0.0037741377,0.000989021,-0.0039238324,0.006528032,0.0041804,-0.0015209836,-0.0017633818,-0.009937795,-0.009239555,0.014857055,0.0049638515,0.00077734696,0.0077303182,0.008469422,0.0039370824,-0.00087499904,-0.0009565902,0.0073304037,0.006915939,-0.0060063284,-0.0029600991,-0.0005656748,-0.005827657,-0.005097482,-0.0042782505,-0.00030038954,0.0030048597,-0.00019982383,0.0011638973,-0.0010284518,-0.005137012,-0.0011536395,0.001116381,-0.0048296545,0.00011973714,0.0022891646,-0.0011961017,0.0013706844,0.0012400578,-0.0037154765,-0.0022671062,-0.00047348824,-0.0028105648,-0.0030987817,-0.004032502,-0.000633083,0.004505199,Bhoopali
-326.2222,165.51738,-40.54454,-8.951075,-11.231518,0.951038,-14.794392,-11.798007,-19.026327,4.828329,9.064443,-0.7152731,11.863491,9.601233,11.602101,1.2290221,-1.7702098,13.740802,-6.4285173,-0.2646044,-7.0990863,-6.851453,-13.538935,-2.0896735,-6.3170824,-2.1833777,-3.0509388,-1.3887335,-4.8057275,5.233259,6.2920675,-2.6198053,-5.358198,-1.8845745,4.0315533,0.6260108,1.3952947,3.8070924,-0.5992187,-0.3978719,-0.03545643,-0.0015821644,-0.026158145,-0.018660713,-0.005538874,0.004318116,-0.0006078426,0.009853227,-0.025777781,-0.00048139557,-0.00983797,-0.01853862,-0.008174602,-0.018782664,0.00091752195,-0.01874335,-0.02285987,-0.004587025,-0.0058731018,-0.008681082,-0.002834854,-0.002399011,0.00075335265,0.0016745543,-0.0022222474,-0.017430745,-0.0047378,-7.724293e-05,0.00019187943,0.010258504,0.011931935,0.005876295,-0.0006584726,0.00081100594,0.003859272,2.5609168e-05,0.00891415,-0.012244026,-0.01802456,-0.0048126113,0.024051795,-0.0135362735,0.01582005,0.00133358,0.008902369,0.004430384,0.0068315626,0.0031569735,-0.0005246529,-0.003685149,0.0017411732,0.0010140137,-0.008875702,-0.005450563,-0.0033787398,-0.0017596163,0.00272054,0.00064124074,-0.008635855,-0.0037499005,-0.00048750575,0.0011329643,-0.0016287537,-0.0005095531,0.003476335,0.0032864003,0.005116374,0.0054111015,-0.003148324,-0.0045537557,-0.00023957419,0.0006720173,-0.0025701055,0.003784466,-0.0043018973,0.0015054821,-0.005276672,-0.005774629,-0.004899812,0.0021128282,Bhoopali
-332.28632,156.03093,-29.307613,-8.335374,-0.16081384,2.1165128,-10.930299,-13.016626,-22.676945,1.5165087,10.832634,-6.0988407,9.1869755,10.733841,4.953221,0.46148852,5.9566984,12.425314,-1.8920369,4.4425464,-2.0234935,-6.429076,-9.259277,-9.387368,-5.319348,-2.7487776,-1.1986716,2.534467,-3.0477505,-0.16076572,1.2406907,0.29274425,-0.3086308,-4.590518,-0.26036173,-5.2806907,-4.1197863,1.3119947,1.1907198,0.52872914,-0.09740073,0.027624309,-0.022335408,-0.025028536,-0.036882177,0.0069286055,0.007832792,-0.0034630573,-0.021453029,-0.018788163,-0.0011028709,-0.029953362,0.0046714074,0.010299969,-0.011207599,-0.013654957,0.006970639,-0.011014883,-0.00556608,0.008599127,-0.0155939525,-0.009519158,-0.0030696671,-0.010642973,0.0016185713,-0.012385311,-0.009438658,-0.014337817,0.0047193333,0.01575167,0.007923226,0.00036052652,-0.0139358165,-0.020638797,-0.008648355,0.0004854724,-0.0016634646,-0.007837416,-0.0032321448,-0.008509709,0.080214255,-0.01570378,0.017323002,0.008072336,-0.011012162,0.004396679,0.007121794,0.015779888,0.002660487,-0.0056371856,0.00070680823,0.00059783726,-0.010560143,-0.0068481266,-0.0028861496,0.0026690522,0.003551523,-0.004948641,-0.0024620758,0.0025125123,-0.008482218,-0.0049905875,-0.00036485013,0.00044315305,-0.0016503447,0.002497378,-0.0051968945,-0.0011701408,0.0011201628,0.0041708034,0.0027758423,-0.0045200074,-0.0076058223,0.0004864061,-0.004660969,-0.00033200803,0.00045582425,-0.0043722433,-0.0009840487,-0.004498284,Bhoopali
-434.2003,139.0229,0.47115073,-5.7372227,19.233765,-5.518883,-31.250633,-27.320515,-17.144447,-21.099384,-22.36988,-9.511434,-4.13144,-12.098526,-15.467061,-11.21362,-11.5731,-15.718797,-8.9603,4.9347186,7.4442344,1.7710593,3.63949,10.896826,10.39226,1.6249379,-3.2708757,-0.6704428,3.3573732,7.607226,12.186261,13.587546,9.046675,2.0725982,0.91882676,2.7443695,0.05989343,-1.0104079,1.9959815,0.29187462,-0.06702752,-0.02242942,0.06786944,0.04332998,-0.012726253,-0.013485814,-0.0041877413,-0.007949038,0.007577463,0.026583377,0.018825786,0.006231392,0.011492668,0.018674232,0.012134027,0.0006525034,-0.0010909069,0.0060177813,0.008239869,0.0036703504,0.004035089,0.0074379286,0.0028298558,-0.0037246163,-0.0020405243,0.001961034,0.0014906126,0.0001536442,0.0031614995,0.010669636,0.013489254,0.0047181076,-0.0013730356,0.007661515,0.0151260905,0.0074397735,-0.0023571607,-0.00633854,-0.008734988,-0.0063887485,0.012352658,0.015455067,0.01068936,0.0039655226,-0.0014096721,0.0014246089,0.008781067,0.009617839,0.004879434,0.002283808,0.0022823177,0.0025049434,0.0025076098,0.0025329425,0.0039648525,0.006384983,0.007260147,0.006167225,0.0023162102,-0.0053027696,-0.010989488,-0.0091361115,-0.005765475,-0.007921045,-0.010525322,-0.0073526357,-0.0024728964,-0.0017142696,-0.0048186095,-0.008749565,-0.010168768,-0.0074825324,-0.0038870773,-0.0029521976,-0.0031935812,-0.0031199302,-0.005608939,-0.010195993,-0.009694816,-0.0030878442,Bhoopali
-308.8918,190.9913,-8.445226,3.4479218,26.232273,-4.8243604,-19.438213,-19.108215,-7.609447,-4.656349,-11.279529,-3.0597093,2.214952,-2.7984324,-3.1446476,-0.48452064,-0.4943154,-9.5905075,-14.04851,-3.069259,1.4734972,-1.3805479,0.86185384,1.2091949,-2.9577475,-6.143256,-4.089233,-3.3280144,-8.463802,-7.29896,-1.6672146,-1.7991376,-1.939548,-2.8632236,-8.1015,-7.6900845,-2.6612952,-2.7081857,-4.899831,-3.9023309,-0.10197903,-0.036975306,0.0010752829,0.0066965832,0.010392972,0.0011387524,0.014958276,0.015547763,0.018892063,0.009608157,0.0019103417,-0.014036327,-0.02484718,-0.021964373,-0.004502004,-0.0100757275,-0.005486445,0.014573088,0.012983437,-0.017803805,-0.03008766,-0.013219307,0.016156679,0.027292918,0.016055614,0.0057691284,0.006695106,0.0012327121,-0.002300982,-0.0046009975,-0.0006137477,0.0020910325,-0.004238548,-0.007399467,0.0052534374,0.0122406185,-0.00012102395,0.0013709452,0.024493283,0.024630018,0.020801598,-0.043482035,-0.0060458374,0.017540833,-0.010250968,0.009079332,0.0052054026,0.0046230312,0.0025371197,0.0044431114,0.002398412,-0.0014702764,-0.0039306097,0.011669275,0.012692784,0.0016264505,0.0039182897,0.005488888,-0.0022213212,0.0039211544,-0.0036937855,-0.013500599,-0.002568774,0.0059771934,0.001522428,0.008342391,0.0034161622,-0.0025215812,0.010746149,0.00851261,-0.007520917,0.00028630093,0.00725068,0.0030646077,0.003981825,0.0072464384,0.0010522404,-0.0014692778,-0.0030795035,-0.007874732,Bhoopali
-460.78122,187.04814,35.665524,3.1678276,9.816353,-3.627613,-8.703516,-5.2915072,-3.6934264,1.4818264,2.5989504,-2.2462249,-2.2490382,2.7771795,1.8917719,-2.9910924,-5.001826,-8.614015,-12.233153,-8.874755,-5.2322598,-7.9649577,-9.836432,-6.3956428,-3.4300895,-3.2931957,-1.4436889,0.684291,1.4333657,5.2760983,6.944864,-2.7100363,-13.116888,-11.1260605,-3.8181183,-0.3951735,0.6440383,1.8553754,1.4377419,0.04063104,-0.04989746,-0.02068203,0.022908278,0.0009057921,-0.010728983,-0.005971375,-0.0044890773,0.003651873,0.010062184,0.0013417626,-0.004342033,-0.00043412216,0.0038734032,0.0059029143,0.0040631564,0.0021983117,-0.0023743538,-0.008665572,-0.0102344,-0.007580873,-0.0054682805,-0.00034663067,0.005608214,0.0020381631,-0.0014869343,-0.00019952047,-0.0013236781,0.0005044625,0.008729829,0.011614118,0.005586885,-0.002045436,-0.0056404956,-0.0035187972,0.003920852,0.012188874,0.0066819745,-0.0010728823,-0.0023803043,-0.005280242,-0.080738425,-0.05118815,0.015405612,0.004751658,-0.004447998,-0.00014049049,-0.0022651106,-0.0014907565,-0.0033598228,-0.010043345,-0.007464241,-0.00015382648,0.002041718,-5.077317e-06,-0.00081861025,0.003522622,0.004082245,-0.0014623903,-0.0015882341,0.005722214,0.0035009296,-0.0023621703,0.0037471293,0.0048661833,-9.2307775e-05,0.00059113925,-0.00042698873,-0.00039556608,0.0027211308,-0.0007891847,-0.0012479416,0.0035882005,0.0011650138,-0.0024068358,-0.00073706923,0.0019766863,0.0003629085,0.0017755256,0.005137173,0.0025800928,Bhoopali
-414.27393,152.84438,9.512231,-9.823039,3.0339649,0.69589645,5.85608,3.9050252,-6.5127563,-10.892956,-6.9228916,4.324757,12.587712,10.211336,3.317628,-4.6282215,-12.211419,-10.899562,-5.6968436,-9.39975,-12.894586,-4.5822096,3.3633246,1.0686995,-3.108302,-2.6822748,-0.7615032,-3.17651,-4.6325917,2.282502,7.873484,1.2779671,-8.437668,-10.03085,-8.0460205,-6.2681627,0.73103285,2.2506087,-11.052181,-14.3766365,0.04742768,0.027795007,0.012207679,0.012609829,0.0036465004,-0.0032229463,-0.014485451,-0.008934889,0.017743213,0.02791021,0.004427362,-0.024182534,-0.01846436,-0.0045359805,-0.006657893,-0.00062724657,0.00017839545,-0.0075144116,-0.0008204015,0.0035783914,0.0062814406,0.0067556156,-0.00863073,-0.00075818994,0.03008438,0.02945986,-0.003954514,-0.00824749,-0.005777761,-0.01797408,-0.00698724,0.0079811225,0.006893007,0.0024586525,5.799832e-05,0.010575313,0.0136997765,-0.011684753,-0.022294294,-0.0035025503,-0.023822669,-0.03126021,0.00076706294,-0.0020502245,-0.010832833,-0.00087282347,0.0006513773,0.0015735182,0.0058961227,0.006433212,0.005950428,0.0041265106,-0.0040010307,-0.004533722,-0.0004301228,-0.001707884,-0.0017921757,-0.0022076603,-0.0057032355,0.0012734456,-0.00028917016,-0.0066148466,-0.0028117448,-0.0029745298,-0.002984675,-0.0014535069,0.0034829546,0.0011719186,-0.0043445025,0.0032471945,0.0035617482,-0.0040164134,-0.0034794242,0.0023061296,0.00019831088,-0.003157646,-0.007030129,-0.004867184,0.0030287406,0.005271158,Bhoopali
-446.2939,184.46474,30.641966,-2.0673926,3.5706606,-8.693589,-10.392904,-4.5063825,0.84776974,9.974584,10.481609,-1.6569248,-7.523845,-1.9886222,-2.8954766,-8.442357,-6.991514,-7.0056543,-9.981942,-8.091234,-5.924792,-6.9639926,-5.767331,-2.6632516,-1.7846637,-0.9144018,1.8327421,1.9387089,1.5331378,6.9479933,8.333131,-3.7579262,-13.941331,-11.249942,-4.8772693,0.23334362,2.6537158,2.0867078,2.9994009,3.4153054,-0.12227774,-0.07662152,0.024077287,0.014698795,0.008972392,0.0109319845,0.00026308827,-0.007114135,-0.009496635,-0.013276942,-0.0095014535,0.015370993,0.03247207,0.020055296,0.008745186,0.013408536,-0.0008666397,-0.01070422,0.003210567,-0.0030141594,-0.0075196167,0.0009515697,0.008446168,0.015256584,0.009958932,0.012408583,0.0025729074,-0.009017743,0.0069804713,-0.0064951414,-0.020594016,0.0059260195,0.013638381,0.0030308724,0.003436184,-0.00869237,-0.012662223,0.013740837,0.016488327,0.001981792,-0.003013263,-0.0031784098,-0.0015090576,-0.003863884,-0.0065553454,-0.0018092078,0.0022622072,-0.00060009613,-0.0018869655,0.0005822719,0.002880375,0.0035873945,0.0007862859,-0.0013872863,0.0012569063,0.0041184872,0.003807001,0.0006709021,-0.0009556178,0.0021057618,0.0040670843,0.0018905856,-0.0017180116,-0.0025800029,0.0008913748,0.0024428994,0.00043204403,-0.0028144566,-0.0055705444,-0.0032603142,-0.0002276954,9.804429e-05,0.002496456,0.0048627346,0.0055557797,0.0044833617,-0.00070387207,-0.004630022,-0.0043638973,-0.0042940867,Bhoopali
-440.4059,149.80435,6.2952065,-10.941192,11.7729435,-4.2865014,-22.293139,-20.399195,-16.65534,-21.711014,-21.865747,-9.713637,-3.7155256,-9.979388,-13.116189,-9.600443,-8.811341,-11.244377,-8.503642,-0.7848958,2.7119732,1.6311918,3.5447624,6.996699,3.5229576,-5.120339,-7.8559074,-3.6191032,-0.5488997,3.1965446,11.244377,13.755404,5.369838,-2.6986284,-1.548512,2.8010669,1.3416847,-4.6779385,-8.587498,-6.469705,0.11884485,0.03486336,-0.006154412,0.042157467,0.001011082,0.00052095583,0.019593306,0.010430079,0.013012011,0.030246882,0.028558688,0.01318825,-0.008269478,-0.002632986,0.012946939,0.015373153,0.0052315085,-0.00065596274,-0.004888261,-0.016575668,-0.02370549,-0.00037109634,0.024559543,0.0055390093,-0.019569531,-0.010180238,-0.0023209644,0.0060134013,0.006479047,-0.0077918726,-0.01493333,-0.01839511,-0.022952115,-0.017825887,-0.00873368,-0.010920766,-0.009666633,-0.0036681315,-0.017264508,-0.033075202,0.048667736,0.01689963,-0.0012120267,0.0070803366,-0.0018767413,0.0019937246,0.005591331,0.00026856028,-0.006561215,-0.0013533497,0.002292143,0.0021759144,0.0038862512,0.005850063,-0.0006421425,-0.0004346008,-0.0013646086,-0.0022830877,-0.0022740117,-0.006179803,-0.004002336,-0.0010688156,-0.004662943,-0.0020522196,0.0020324208,0.0020470412,-0.0010041529,-0.00070768717,-0.0025034053,-0.0014559589,-0.0038652997,-0.0076997764,-0.0041541257,-0.0021074412,0.0023974194,0.002910966,0.0005520718,0.0024103008,-0.0016793874,-0.0050675217,Bhoopali
-500.8016,108.85256,14.247005,-5.665383,-3.658284,-4.5038,0.5455781,3.8573744,4.4143825,3.0247746,-1.54828,-4.161539,-2.5768952,0.5564188,3.9276602,5.086986,1.0039158,-2.5765138,-1.8087076,-0.8476309,-0.28194258,2.6184409,5.161046,3.8717587,0.42810902,-0.70824885,1.6590196,2.047013,-2.649026,-4.871321,0.035279606,3.5350792,-2.1051104,-11.1716175,-12.601427,-6.1792116,-1.5707196,-4.4851084,-8.012375,-4.3455787,0.14684129,0.12032121,-0.0057686972,-0.031163713,-0.012702055,-0.0040864795,0.0018710761,-0.0006584612,-0.01007721,-0.01825278,-0.015314618,0.0028595566,0.010737018,0.00484699,0.0072244154,0.005469993,-0.0012494195,0.0060694925,0.0064119203,-0.005896309,-0.0052774567,0.0031229455,0.010701228,0.0097019505,-0.0108353775,-0.018099947,0.0007237843,0.006607435,0.00096392236,0.0028335105,9.447148e-05,-0.004537636,-0.006016811,-0.012053967,-0.012721851,-0.0053474037,0.0004943769,0.00589552,0.004344588,-0.0020441485,-0.0046371953,-0.002765302,-0.000106301166,-0.0010269756,0.00035289285,0.0008095413,-0.00058561214,-0.0026473128,-0.0032175821,-0.00093593454,0.0008905917,0.0004349014,-0.002700832,-0.003708107,-0.00047455044,0.00092899264,0.00056903064,-0.000119615994,-0.00055795803,-0.0002982905,-0.0018959121,-0.0015479682,0.00013766602,-0.00015604805,0.0015001957,0.0017143332,2.297508e-05,0.0008909971,0.0012018369,0.0012166925,0.0011604461,0.00014539935,0.00027451175,0.000343001,0.00049079885,0.00015925456,-0.001110076,-0.00047085463,0.0016347711,0.0030703642,Bhoopali
-412.57523,132.29204,16.759878,-0.29267195,16.99287,3.7008088,-13.966891,-13.58,-8.123649,-10.42498,-11.8004055,-5.1434793,-2.0186725,-6.4056253,-9.571828,-11.787389,-15.428662,-16.926888,-14.730924,-9.367108,-3.2269363,0.1986062,1.3036263,2.2757125,0.61584014,-3.6193771,-3.5339308,-0.93671584,-2.7777433,-5.8641186,-4.512871,-0.23698948,0.6498279,-3.1885848,-5.021669,-3.484406,-5.3514986,-9.2432995,-7.74089,-3.349875,-0.06255523,-0.032756113,0.01706606,-0.006104076,-0.019080946,-0.015850198,-0.006030369,0.0034231592,-0.0045766328,0.005384002,0.026540402,0.018002601,-0.0026740902,-0.007951144,-0.0029376133,0.002321541,0.017780084,0.026858397,0.0014961165,-0.015782574,-0.0042946227,-0.0051288204,-0.008802313,0.0024980153,0.0033890572,-0.008096314,-0.009789327,0.00092455436,0.009901043,0.015705219,0.019578861,0.009193981,-0.0055116625,-0.0014544087,0.009886697,0.0048028813,-0.006017938,-0.0022778886,0.004237121,0.005150125,-0.032329958,-0.018188518,0.009234373,0.0032392426,0.0030104208,0.0067905854,0.0050337105,0.0064435154,0.0032278714,-0.002480668,-0.0024072994,0.00012225586,-0.00043923975,-0.00583147,-0.0061333096,-0.00068672147,-0.00046731444,0.00020822095,0.0027329384,-0.001589331,-0.004529385,-7.731073e-06,0.0030016934,-0.00061458745,-0.0054661166,-0.002244596,0.0023505248,-0.002086388,-0.00042436674,0.0077298577,0.0002161919,-0.008943841,-0.00235588,0.0015270063,-0.002026919,-0.0035688204,-0.0037916428,-0.00022677734,0.0031620015,-0.0006895761,Bhoopali
-412.25854,177.8213,-1.6776782,-5.2517147,18.114141,6.1214757,-2.5224342,-10.163571,-12.761691,-8.914113,-9.665874,-4.4496007,7.132689,7.2357035,0.9240606,-2.2269015,-6.394089,-11.139582,-13.103929,-12.223961,-10.722339,-8.768044,-4.00108,0.6356499,2.633432,1.9979088,-1.5854253,-2.877111,-0.9378771,-2.768469,-7.8606887,-9.057377,-5.5712686,-2.0262737,-0.6963676,-0.9983017,-2.4560275,-4.026336,-3.9037602,-2.153062,0.010794473,0.0035932963,0.0006092696,-0.0035475874,0.02556104,0.028971748,-0.007018447,-0.009749663,0.023839092,0.027182668,0.0038214775,-0.0011794757,-0.014270259,-0.015728058,-0.005191702,0.012484056,0.026809022,0.015457722,-0.022598006,-0.02502165,0.003943574,0.011643671,-0.005471529,-0.013922284,-0.013055953,-0.010127174,-0.016819479,-0.014173388,0.007912133,0.013887607,-0.008570727,-0.0014543069,0.015586338,0.00090740004,-0.004659414,0.014643053,0.007430426,-0.0051113702,0.009298406,0.0051090545,0.047517594,-0.015438105,-0.015310816,0.008039614,-0.0075855223,0.0014031634,0.0006871464,0.004473305,0.00036071276,0.003013421,0.0035494957,0.0047739334,-0.0014274317,0.006005732,0.0004257369,-0.0053260494,-0.0034621477,0.004675062,0.00033851407,-0.0034355025,-0.003415362,0.004842407,0.0031033657,-0.0036487344,-0.0020660253,0.008833411,0.0066749305,-0.0009008459,0.0027817318,0.0038108681,-0.005850123,-0.0013502002,0.0045794244,-0.0030492574,-0.006499607,0.0011589637,0.0007384391,-0.005776806,-0.00081569864,0.0034314278,Bhoopali
-384.1495,188.00014,1.5474007,-3.15784,24.89454,5.4711328,-7.5273347,-11.880572,-11.622716,-9.443431,-13.626477,-10.67901,-4.6898074,-5.400871,-2.858771,1.2248152,0.7673706,-1.8964034,-4.8971896,-2.5084045,-1.246573,-6.090697,-4.1555715,-0.7389736,-5.147778,-10.787368,-11.940151,-5.8206024,-0.8548865,-5.704073,-9.237629,-4.0990205,-0.2855564,0.54105127,2.971245,2.5181606,-0.11056125,1.5918715,1.2264493,-7.87579,0.00032161028,-0.015696494,-0.013029476,-0.0021086202,-0.011358141,-0.0010058433,0.0018621793,-0.015879678,-0.016458064,-0.0052425405,-0.004720603,-0.003802339,-0.001985635,-0.01140969,-0.012611122,0.00544197,0.011543221,-0.0062972265,-0.018196452,-0.005983107,0.010123083,0.011448358,0.006446268,0.0097117815,0.012115229,0.008497129,0.0076171216,0.0025473735,-0.0041803513,-0.0007980082,-0.0041799457,-0.014940012,-0.007170261,0.0031616043,0.0002450887,0.005150932,0.013568686,0.0045208586,-0.0047454955,0.001548811,-0.03274286,-0.033080038,0.004868469,0.014418497,-0.006698239,-0.0050805667,-5.8058118e-05,-0.00036178643,0.0061647375,0.0056965253,0.0008988249,0.0019444393,0.0011426779,-0.0021199293,-0.0033916673,-0.0020036227,0.0025176813,0.0089359805,0.011509205,0.0055762473,-0.0010417677,0.00097464357,0.00025075304,-0.00371022,-0.0009931552,2.2430117e-05,-0.0016660409,0.0031473653,0.0041972236,-0.00094929273,0.0026153736,0.0074378867,0.0015460544,-0.003692163,0.00017943325,0.0019411781,-0.0020260985,-0.0038004445,-0.00041526626,0.00056865026,Bhoopali
-373.0448,175.36974,-6.399713,2.113977,21.53578,0.6093897,-10.017099,-11.497991,-5.0140553,-3.2472243,-7.742851,-2.3199236,0.270471,-2.8644505,-3.713722,-6.427999,-10.121395,-12.572251,-12.1565075,-7.6763687,-1.8142705,0.86061573,-2.2403934,-4.1828423,-1.3621045,1.0958145,-2.045633,-4.8439074,-4.799597,-5.360441,-2.319668,2.1011844,1.4907231,-3.3177345,-4.6602426,-2.613501,-1.3858892,-2.9828572,-5.8976707,-6.7548027,0.027027404,-0.0016420939,0.008204743,0.006112858,-0.008689876,0.0003619508,0.012951298,0.009238279,-0.012993538,-0.008097968,0.0055270474,0.0040926384,-0.00094278733,0.005779334,0.005228766,0.004746909,-0.00082305307,-0.0020857907,-0.008277961,-0.0098092,-0.00084832613,0.00044800842,-0.008884133,-0.003941612,0.00014177004,-0.00089544675,0.002518383,0.005205847,0.004112576,0.000354933,-0.005012135,-0.0012652021,0.0031966032,0.0051140347,0.0070932754,0.007285558,0.0060055917,0.0040328987,-0.00015246292,0.0035430253,-0.04182883,-0.03515699,0.020733329,0.0046473253,-0.0078078154,0.0011493132,0.00037312,0.0034488207,-0.0024672546,0.00028357358,0.005316254,0.0013066872,0.0008097723,0.0041043726,-0.00025651953,0.0040785433,0.0033514607,0.006137153,0.0092932815,0.0004972113,-0.00626591,-0.0013410562,0.0021771144,0.0055557406,0.0076430645,0.008249106,0.0023759152,-0.00092011975,0.0034713543,0.00448745,0.00019406033,0.00041138392,-0.00018482178,-0.0031234373,-0.007039156,-0.005397872,0.002168264,0.004551367,0.0011594618,0.0010473486,Bhoopali
-344.22394,197.2171,-9.712012,-1.122491,26.597263,4.430383,-5.953263,-12.463875,-8.030716,-0.84469676,-9.503907,-8.044377,0.9423358,-1.2985548,-3.4498527,-3.4103515,-4.956068,-6.5456843,-9.123593,-7.257988,-3.8597133,-2.917956,0.52312464,0.010812063,-3.4649093,-2.9181151,-4.10701,-5.046315,-1.7421589,-3.5862234,-8.55482,-5.941984,-1.6848145,0.21462905,2.9364662,0.0034980006,-5.672376,-5.066849,-4.2360396,-6.3627477,0.009779813,0.001874764,0.018302027,0.006712885,0.0006355999,0.010345016,0.004324133,-0.0019252853,0.0032727087,0.0031919726,-0.0062649795,0.0031038537,0.01418574,0.005584389,0.0043174853,0.0087033715,0.002599904,0.0018577155,0.002125945,-0.001368958,-0.0049667787,-0.007301335,-0.0031933952,0.00022913392,8.729003e-05,0.0011323165,-0.0023535662,-0.005709362,-0.007972129,-0.0011337121,0.012484,0.0071535814,-0.000115929084,0.0023262994,-0.0061395974,-0.005889733,0.00080512214,-0.009951058,-0.0057808394,0.012479621,-0.017493714,-0.022742908,0.004639982,-0.0014158097,-0.0040050833,-0.001596947,-0.0032360775,0.0038871455,0.0021718382,-0.0027703668,-0.003885567,-0.004389689,-0.0012999147,-0.00013376288,0.0011112902,0.0032239852,0.0023542803,0.0039683203,0.0026545578,0.0016851997,0.0016778843,-0.004281108,-0.006132971,-0.0006165531,0.0016671978,0.00036349706,0.00064236164,0.0013379054,-0.0005334729,0.0008555168,0.000361617,-0.0030902238,0.0022399013,0.004977858,-0.0033727726,-0.0032483684,0.0011353806,-0.0023770756,-0.0010700405,0.004394029,Bhoopali
-296.48596,200.50511,-13.739219,2.6351748,26.840765,4.732021,-1.173031,-9.363704,-11.524893,0.20741199,-1.569494,-4.114584,-1.7773634,-2.2761178,-0.047149807,0.24684633,-4.7933683,-8.7748995,-8.762407,-7.2660403,-7.510777,-6.6532254,-5.298426,-6.151053,-4.944209,-2.3775845,-2.4135778,-3.1378996,-1.7063938,-1.0455402,-2.6125154,-3.6005576,-1.2420505,2.5122914,-0.33313423,-1.2468009,0.007565498,-7.5102315,-6.6199784,2.9902267,0.049542107,-0.009307919,-0.019993901,0.00139063,-0.012386215,-0.0006132987,0.01044925,0.006112915,-0.006074836,-0.0063775266,-0.005337464,0.0006002275,-0.003574043,0.0042999433,0.012786388,0.014401769,-0.0032123956,-0.016103256,-0.011601685,0.00843238,0.0023029172,-0.00907194,-0.0041026934,-0.0029266542,-0.015074984,-0.0066237594,0.009581539,0.012386457,0.005960389,0.0066299406,0.002789358,-0.0070571047,-0.0067777336,0.0044284645,0.007644002,0.0017381072,0.0017882772,0.00245478,0.0042505898,0.006896794,-0.030628165,-0.037279565,0.01162525,0.0049903076,-0.006301869,0.010189716,0.0027040725,0.0017747215,0.00453274,0.004918798,0.003909062,0.00091217365,-0.0072184815,-0.002022747,-0.0027681652,-0.001552175,-0.00012765804,-0.001793266,-0.0024270678,0.0057834303,0.004579209,0.0021455677,0.0012595605,0.0008802221,-0.00079220923,0.0018895635,0.0010983482,0.0015142353,0.0038440416,7.240075e-05,-0.006470423,0.0006518516,0.008166758,0.004642427,0.003061412,0.0005248213,-0.002365726,0.0029405567,0.0043750945,-0.000647758,Bhoopali
-443.01456,161.59866,18.424818,-5.713746,14.938437,7.459604,-9.96391,-14.562675,-7.7199163,-5.291079,-10.555953,-10.585472,-5.7459273,-4.511774,-5.63641,-8.984877,-13.868732,-16.076483,-16.65031,-15.736723,-12.179051,-6.163143,-0.7108401,1.36538,3.3869708,3.1981888,-1.3065833,-3.700775,-2.7051864,-3.2644894,-6.02904,-6.0957837,-2.3263884,-0.5644684,-2.5593183,-1.7395129,1.5639415,-0.50921446,-4.9571896,-4.30356,0.056357488,-0.040058587,-0.05662433,0.00040610813,-0.025718639,-4.4961544e-06,0.033799615,0.027460642,-0.010859334,-0.026568448,-0.008225999,0.014485091,0.021648774,0.016296243,0.0043004225,-0.0052521247,-0.004174167,0.0031307405,0.0059346166,0.008360061,-0.00048741253,-0.0043198722,-0.013667564,-0.00023626824,0.0046086414,-0.014495179,-0.008975948,-0.007815118,-0.0010818851,0.008675593,0.0013202367,0.008153423,0.0045979926,-0.007554574,-0.017365698,-0.00020834632,0.019029869,0.007552884,0.005332207,0.005115836,0.029616272,-0.008551864,-0.010250674,0.00090679916,-0.006411806,-0.0020145895,-0.0041194046,0.0053353454,0.008794738,0.008097241,-0.0066795982,-0.007971654,0.0028435998,-1.0192394e-05,-0.002297173,0.003213327,0.004451726,0.0034886645,-0.0046222913,-0.0020481234,0.0033977039,0.0028615315,0.0018308522,0.0015127327,-0.0064419038,-0.0073359124,-0.005029404,-0.0011013102,0.0018566111,3.4382745e-05,0.002448214,0.0034759676,-0.003534817,-0.0004912268,-0.0021964503,-0.0035339121,0.007199919,0.0040465216,-0.0005378191,0.0019467464,Bhoopali
-445.1915,93.697716,-22.013205,-1.0106593,-31.79321,9.728237,-15.049108,12.776406,-5.061779,-4.5294247,-2.5157163,0.7514828,3.7486968,-10.987943,-1.7495961,-1.5785779,2.7392051,-2.6400406,-2.7337708,-2.7933009,-5.2572417,-1.0870987,-5.6001997,4.5453653,-0.48093805,-5.725507,0.567201,0.3100424,-0.8165765,5.460888,8.456307,-3.2741013,0.62395513,4.0432854,2.5372732,7.431456,-2.1693976,-0.41602343,0.42123687,-0.20991498,0.24014664,0.08776434,-0.04055009,-0.014362228,-0.018488484,0.03367439,-0.003808739,-0.0023373787,-0.03532373,-0.01660711,0.013132891,0.019158574,0.00036456002,-0.01582305,0.0070758746,0.009344581,0.0014422715,0.010918622,-0.01285349,-0.027619109,0.01067699,0.00058668695,-0.0037900861,0.00651138,-0.008449535,-0.0023806083,-0.0048704264,-0.008637902,0.01145839,-0.0134440055,-0.0013251883,0.014301036,-0.000244501,0.0043392354,0.0088785,0.0029747717,-0.0108688865,0.0033397668,-0.005056797,-0.011238775,-0.03521171,-0.013133315,0.004278463,0.0086196335,0.0088368505,-0.0015485152,0.005494732,-0.0004236099,0.0007146513,0.00518495,0.0013308004,-0.004103414,0.0021523659,-0.0013313843,-0.0024431674,-0.0017943307,-0.0040947,-0.0044363094,0.0006482887,0.00294233,-0.0022102832,-0.0056439345,-0.0012561379,-0.002613694,0.0018024319,-0.003383646,-5.2823125e-05,0.0004415963,-0.0074119377,0.0008600869,-0.00264439,0.0018374183,0.0016051673,-0.001547979,-9.498141e-05,-0.0011573678,-0.0020114423,0.0013389183,0.0028815188,-0.0007613802,Bhoopali
-440.54285,108.06909,-22.516886,-1.4028337,-35.309006,7.0247884,-8.219235,6.5872,4.031068,-12.772535,-4.9869018,-7.734769,9.114803,0.45068124,-3.4318671,-2.715786,-3.6665726,2.6679146,-3.2006269,3.1474729,-3.5313792,-2.3762453,-2.5392213,-9.133127,-0.63483244,1.6619502,-1.0221348,-2.7306042,2.2509177,-3.2802846,-6.5333543,5.3373303,4.382808,2.6258318,3.085664,-0.3398706,-0.5992123,2.6661835,6.7502894,4.934907,0.14291021,0.071180336,-0.021783847,-0.0065412,-0.040391102,-0.018538175,-0.009946391,0.02456362,0.031393386,-0.017705569,-0.04288603,-0.026303302,0.015407611,0.016029749,0.002398903,0.0013800892,0.004563036,-0.022128284,-0.0004004713,0.04369617,0.012910538,-0.026789747,-0.0069734417,-0.0022464744,-0.0013175263,0.0020000848,-0.013183994,-0.014700641,0.012372669,0.005812003,0.00053127395,0.0064680153,-0.002026899,0.003530051,-0.0074249557,0.008819988,0.010081788,-0.015167281,0.00597438,0.015662005,-0.092657566,-0.019394288,0.010124372,0.003663627,0.014375474,-0.0105251325,-0.003500229,-0.011880958,-0.0017982399,0.012014813,0.01161712,0.0042972113,-0.0006969843,-0.006723464,0.0036421504,0.001016132,0.007646413,-0.0032027317,-0.001352405,-0.002726609,-0.0043719583,0.0015275069,0.0034811771,-0.00021999708,0.001239262,-0.00117138,-0.0014220558,0.002744477,-9.932996e-05,0.005108129,0.002788863,-0.0032778452,0.0010566644,-0.0026572447,-0.0042027165,-0.0012891492,0.00106069,-0.001829479,-0.006755048,-0.0050594644,Bhoopali
-429.64413,102.997055,-20.68889,-4.206459,-33.280434,11.3891325,-7.405048,10.348474,-4.513624,-11.868463,-1.8268031,2.2301893,9.993819,-7.7281694,-3.8569078,-4.3899226,1.3946621,-0.12592064,-2.478556,-0.55002433,-6.029723,-0.86561996,-8.004629,-0.8789019,3.2297935,-2.5608904,-3.1117167,0.5203162,-1.2213008,-3.2537181,10.144183,5.0592895,-2.011338,1.0681285,0.17376466,4.9212933,6.8828044,4.274622,-1.1510086,-1.0037329,0.0057696877,0.030192727,0.026558762,0.029555429,0.016638467,-0.009057142,-0.031038357,-0.014841543,-0.0006050342,0.017289171,0.01519339,-0.0021165886,0.0033379972,-0.0044372375,-0.0055785542,-0.015024206,0.0015186009,0.0038266527,-0.014117305,-0.027828729,-0.0039072847,0.017075483,0.005556773,0.011662168,0.002853532,-0.003440986,0.0025490161,-0.021680849,-0.0025018414,-0.0005895356,-0.010905342,0.0006470775,0.008649517,0.003908552,-0.005026389,0.003190518,-0.006072752,-0.007992458,0.0075735725,-0.00053317344,-0.12207846,-0.048045244,0.0125990035,0.00356255,0.013769406,-0.008998361,0.0044193296,-0.008812543,0.008206661,0.017683512,0.0064322795,0.0055315536,-0.00929613,0.005704576,0.0079266,-0.0046334574,-0.0021954223,0.00043288514,-0.0040922672,-0.0076686465,0.0068866755,-0.0015366622,-0.0015142248,0.00604951,0.0015543393,-0.002947285,0.0047303173,-0.006470013,-0.00055619655,0.009028126,-0.0045307735,0.010449781,-0.0021986216,-0.01040562,-0.0003185141,-0.0062980517,0.002037704,-0.0049682055,-0.002587803,0.0068513183,Bhoopali
-489.69864,110.056625,19.716885,0.65538776,2.676094,-3.3351903,-3.2886345,1.6682706,5.508417,4.415492,-2.5972412,-6.812739,-4.5595956,-0.65863645,2.3419266,4.4624557,2.437282,-2.4965408,-4.18566,-3.7470193,-3.5548382,-0.23928338,3.7619147,4.2371373,2.672015,1.0103607,1.5602055,3.6771266,1.6750875,-5.0370736,-6.654706,-0.93757164,2.1956456,-1.0685644,-6.847834,-11.091061,-8.643373,-1.9325986,-0.62270534,-4.605897,0.14425316,0.11994473,-0.006290758,-0.035162672,-0.015466062,-0.007777442,-0.00012327942,0.004989892,-0.0026052976,-0.014470757,-0.016111398,-0.00094908674,0.00997528,0.00669085,0.009309277,0.011255078,0.0023213208,0.0038285933,0.010884144,0.0020369452,-0.009783413,-0.010743188,-0.0035714188,0.0060168505,0.00065358385,-0.016475419,-0.014784373,-0.00011074845,0.003019278,0.0039291074,0.008907892,0.00957173,0.007069513,-0.00043390424,-0.0076629743,-0.0066656237,-0.007822832,-0.0059737107,0.0060904566,0.0059857145,-0.0034222687,-0.0017166196,0.0011436617,-0.00096155476,-0.00276287,-0.0027609603,-0.0022791696,0.00031904833,0.0023695496,0.0012182833,0.00055664225,-0.00018320825,-0.0030795182,-0.0033884419,0.00051220885,0.0038622115,0.0028540168,-0.00064446824,-0.001000374,0.0016315044,0.0020292387,0.00028561428,-0.00059430924,-0.0014714616,-0.0017229137,0.0009206503,0.002889028,0.0010474283,-0.0008244705,-0.00049394934,-0.0006714246,-0.0010999761,0.0004949386,0.0022309984,0.0027858464,0.003132468,0.0019496643,-0.0010271639,-0.0017568307,0.0007708338,Bhoopali
-377.18274,169.79472,-5.6736116,5.5099964,21.878317,0.8278968,-10.255858,-16.67755,-11.787892,-7.965383,-9.441555,-0.6697259,2.0262828,-6.716982,-10.0135,-9.562429,-9.9453125,-11.309168,-10.451451,-5.215653,-0.8830416,1.2018526,1.4613831,-0.30853274,-3.9000523,-7.1717973,-5.050254,-4.256159,-8.034882,-6.823548,-1.6488256,1.9490535,2.0651295,-1.5173209,-5.2071433,-7.114027,-6.2267494,-4.2850304,-6.6671953,-8.054752,0.035629828,0.028870113,0.016218383,0.037326615,0.019574376,-0.039369334,-0.044161264,0.016649803,0.045285758,0.00683578,-0.035090275,-0.035983503,-0.005715375,0.021822207,0.01710638,-0.005541844,-0.008685532,-0.0013370431,-0.012883691,-0.019968476,-0.00018552372,0.015511043,0.008567672,-0.0075482465,-0.015379576,-0.0117225945,-0.0115380995,-0.0024428966,0.017444395,0.0054418733,-0.0166691,0.0017580176,0.02042012,0.007850043,0.0038071782,0.0040915776,-0.021225482,-0.028832268,-0.0025176133,-0.00604786,0.010485767,-0.0004532396,-0.01110717,-0.0029363802,-0.0007389907,0.0028979292,0.005969416,0.0032637606,0.0051012016,0.004964773,0.00080916885,0.0001988822,0.001976189,0.0024398365,-0.00076484855,-0.0020165266,0.0020772754,0.0055567147,0.0079916725,0.009600044,0.0056339093,-0.00402368,-0.011367617,-0.0064874813,0.0066134636,0.009786122,0.0020548075,0.0033386787,0.0115694,0.005967429,-0.006617412,-0.0061260234,0.0013968052,0.0030323686,0.0023755364,-0.00035805214,-0.006619895,-0.004242606,0.0028255438,-0.00032689975,Bhoopali
-366.1854,194.06467,2.552904,-2.4459276,24.52949,-0.07897464,-9.6210375,-8.428621,-9.432507,-7.1272635,-12.244966,-12.685816,-3.8631463,0.003575583,0.18010207,-0.20891114,-0.9188257,-2.1218827,-4.9691625,-3.6856015,-4.216066,-11.768116,-10.054952,-2.671254,-5.1918406,-9.603026,-9.598227,-5.252121,1.2522316,-2.4926364,-9.37841,-2.603948,3.1554792,-1.3414595,0.40069067,4.0595703,-3.285385,-6.6238384,0.6982167,-2.4415238,-0.1780881,-0.06408179,0.07296631,-0.026855482,0.0040246225,0.0543926,-0.0072568255,-0.0036213004,0.015469885,-0.01145074,0.008467116,0.020336747,0.009107605,0.011111796,-0.015746186,-0.021799166,-0.012943048,-0.030128788,-0.018358393,0.0104293255,0.020192204,0.021507349,-0.0097769275,-0.028884865,0.0034693033,0.016108971,0.01510794,0.0075334604,-0.01043908,0.0027100013,0.0111329025,-0.01140366,-0.03723433,-0.024441026,-0.0056203506,-0.0021326884,0.023002325,0.025636446,-0.01779053,-0.029853778,0.010799644,-0.0043805167,-0.006802247,0.006631304,-0.003325634,-0.0023189664,0.0051052654,0.0007670453,-0.0046848697,-0.00079068635,0.008659638,0.001979284,-0.0053005475,0.0018854137,0.0031417527,-0.0003799419,-0.0002489264,0.0025751183,0.0021576434,0.0007068858,-0.001558719,0.0014936076,0.008692053,-0.0012020898,-0.005906113,0.0056940764,0.0053047384,-0.0017443585,-0.0025064375,0.002625718,0.0037324054,-4.551495e-05,-0.00067194377,0.0014565681,0.000520371,-0.0019782325,-0.0032304607,0.00018252316,0.0019902787,-0.00014123987,Bhoopali
-355.97098,168.62088,-13.278098,4.4837575,22.40516,1.9458407,-6.3272696,-6.741315,-1.3288528,-4.2546816,-8.971908,-0.7509216,-0.9314996,-6.2580037,-6.9935136,-9.0255,-10.852186,-11.123482,-10.50936,-5.6074047,2.1287272,2.9279575,-2.9970682,-3.7696455,0.31730115,0.12040689,-3.675779,-4.108514,-4.3890505,-5.876485,-3.9528718,0.2857603,2.4755428,-0.9912088,-4.4291573,-4.0654216,-3.5157,-3.1788363,-1.9948334,-4.465528,-0.16204622,-0.093541995,0.007988533,-0.02294897,0.014111159,0.0236851,-0.00014369286,-0.0009126768,0.016194541,0.00824108,-0.014589014,-0.0033690643,0.0041391705,-0.0188996,0.0010895609,0.017183714,-0.0065886993,-0.003944641,0.015689239,0.010002935,-0.0012316427,-0.005249212,-0.010064559,-0.0012053743,-0.004680084,-0.013381263,3.6966132e-05,0.0017116114,-0.002177829,0.008038155,0.0009261423,-0.0014230527,-4.4704924e-05,-0.0095182555,0.0021383304,0.0064820345,-0.00819084,0.00095551676,0.003798679,-0.00047176625,0.03377494,0.0042954236,0.0053217374,0.008855474,-0.0086171795,-8.685634e-05,-0.0038840082,-0.0013408759,0.0020771055,0.0034899535,0.0021651648,4.6141486e-05,-0.0005937476,0.0027026949,0.0047089714,0.0015657468,0.011152819,0.013499029,0.0015627553,0.0033212767,0.0043156333,0.0021781966,0.0002885014,0.00030457648,0.0057416116,0.0020656912,-0.0032455472,0.0047234306,0.008037494,-0.0024009547,-0.008373354,-0.00066664204,-3.617629e-05,-0.0055320063,-0.006026254,-0.0013038084,0.010052883,0.0078069014,-0.0034956136,-0.0034411335,Bhoopali
-354.6408,181.73175,2.2285058,-0.86300266,25.902517,5.2452517,-11.651254,-16.057533,-8.728358,-1.4693801,-8.716986,-9.474963,-0.96225995,-1.6795772,-5.490435,-4.866076,-2.7847462,-3.8279347,-12.162373,-16.288841,-10.0286255,-4.2390504,-2.483819,-2.516449,-2.056362,-2.0774813,-3.9908009,-0.8844589,2.7194445,-2.22114,-7.9618044,-6.3853703,-1.6513776,0.37101072,2.3090463,3.4709244,-1.9548597,-6.36221,-1.0546585,1.0522994,-0.17773359,-0.08067705,0.007983155,0.0023248277,0.002823534,-0.0010358605,0.009119641,-0.006264107,-0.008356211,0.008522598,0.022417746,-0.009236526,-0.011076875,0.0058725635,0.014204551,0.020013101,0.021005958,-0.009040965,-0.0020286364,0.023800997,0.012576935,-0.022229698,-0.020578545,-0.0033775212,-0.0005008471,-0.013217837,-0.01379148,-0.00559332,-0.0010320604,-0.015932966,-0.011719981,0.008459443,0.02016694,0.017581252,0.012962923,0.0015636772,-0.019105123,-0.01742879,0.01948556,0.018188912,0.037411086,-0.027030272,0.0050989194,0.010265629,-0.008901176,0.013189913,-0.004888077,-0.0045136004,-0.00016071579,0.005266977,-0.0024374158,-0.00031044122,0.0034448027,0.007790061,-0.008716309,-0.00045572117,0.009393587,0.0036274425,-0.0021279312,0.0008139434,-0.005846118,0.005202167,0.008691448,0.003740266,-0.00197766,0.0018301957,0.0010100894,0.00065430335,-0.0004922462,0.0046015223,0.007322294,0.002121836,-0.0046219737,0.0014223345,0.003981096,-0.00013412122,-0.004921223,-0.0013614806,0.0018762313,0.0012051259,Bhoopali
-356.68076,183.33345,4.7965827,-3.6878915,23.853577,10.007277,-5.573809,-12.974201,-6.6676106,-2.2944157,-13.873242,-14.635434,-4.0148087,-3.515948,-5.907193,-4.361847,-2.878118,-3.14602,-9.968744,-15.225603,-10.308377,-4.6388154,-1.7199954,-0.78475356,-2.5655384,-2.592352,-1.9386365,-0.4586797,1.2950051,-2.3031595,-5.875918,-4.0989933,-3.2508876,-3.4757893,-0.5355534,1.4153004,-0.13450325,-3.2387614,-4.9512334,-2.4287271,-0.24673107,-0.11402155,0.0089529995,-0.005189558,-0.0028906579,-0.0035106293,0.009752841,-0.00023378531,0.0011898603,0.0035228007,0.018648157,-0.00484323,0.0005036611,0.011268569,0.022097018,0.021523774,0.02168762,0.0016331195,-0.008270697,0.010375438,0.024325395,-0.01137699,-0.022608845,-0.0103076445,-0.0017691723,-0.0118636275,-0.015478612,-0.004130582,0.006344025,-0.011407431,-0.020120472,0.006788601,0.02723328,0.014108311,0.017563825,0.022525037,-0.0023544,-0.020339323,-0.0063129878,0.014861818,0.035684276,-0.033040743,0.0050563975,0.013352383,-0.015846077,0.0022549366,-0.009638943,-0.00072361383,-0.0031318518,-0.0021303378,0.001150351,0.006634552,0.003266608,0.0021391923,-0.014223023,-0.0045770295,0.0093199415,0.011761927,0.0020678965,0.0010138096,-0.0062789116,0.0006854996,0.0070108366,0.0052427244,0.0008385641,0.0026590808,0.0014918859,0.0020146745,-0.0029706222,0.0023656324,0.0049238056,-0.0013460459,-0.006375749,-0.006314243,-0.0023584042,0.003318294,-0.0014013242,-0.0038054455,0.0030453466,0.002113053,Bhoopali
-362.55704,194.9622,-12.357931,1.2447349,23.590622,1.6620194,-6.4976616,-10.464559,-5.4761596,0.97981536,-3.7993329,0.6024957,3.6277428,-0.037695296,-2.1292653,-8.846515,-16.19067,-11.986943,-2.4452214,-5.8070736,-13.519919,-10.017593,-5.576234,-5.675434,-4.245666,-1.7624056,-2.6369958,-1.6834713,1.6942176,-8.975515,-11.361547,5.0137196,4.6308556,-4.582896,-1.4294859,-3.5982134,-7.401831,-0.5930156,-1.747604,-7.817539,-0.092919864,-0.029769704,0.00889871,-0.014494559,0.013609793,0.013323412,0.012743869,0.0046797516,-0.0047430093,-0.024550911,-0.008500003,0.004531367,0.0067827427,0.009655326,0.0032311904,-0.0052729505,-0.021606978,-0.020636832,-0.009874271,0.012937711,0.015916545,-0.004021379,0.002609876,0.009793263,0.010024885,-0.0049593006,-0.0022727947,0.01118022,-0.020476183,-0.013735509,0.0008852968,-0.014263022,0.003328117,0.010662386,0.008120548,0.009816626,-0.011713879,-0.014722606,0.016474638,0.013071995,-0.013162369,-0.019850366,0.0068071606,0.013593646,0.0019846489,-0.0008984452,-0.006653771,0.00050142064,0.0034427035,0.0056652096,0.0034939335,-0.003392005,-0.005205634,0.004843322,0.0049358318,0.00017261891,0.0023749145,0.00073842844,0.00057207927,0.005077154,0.0013686636,-0.0020417012,0.0051002237,0.005971474,-0.0035961026,-0.0009247073,0.0035537027,-0.0023940469,-0.00028217226,0.0015381359,0.00094675063,0.0010924953,-0.003039403,-0.0068278178,-0.0037000834,-0.0027621633,-0.003680307,-0.00014875276,0.002703219,-0.0017466198,Bhoopali
-351.7489,80.46441,-10.668837,33.910442,-6.361037,9.4606285,-3.921997,-1.7824514,-9.173067,14.621252,-2.0260568,0.8057178,-16.27053,6.6080823,-1.6794136,-2.1100132,-2.7265942,0.49888837,-7.485296,4.8968887,0.053556338,4.003929,2.0792167,9.180867,-2.6318507,7.0429,-3.2726088,-3.7157414,4.6935363,5.888584,8.337182,2.4855492,-1.6381434,-0.105292894,0.92132574,5.043003,3.4921398,4.2652535,6.7388654,5.3742113,0.026098998,-0.102731586,0.058123518,-0.0038085901,-0.008507791,0.009622682,-0.014635616,0.010211103,-0.001925955,0.0149449,-0.004687541,-0.0014087703,-0.014057116,0.008402532,0.008715102,0.011269775,-0.018654669,-0.0021576693,-0.015593167,0.0042247334,-0.0060812044,0.026181122,0.01155414,0.030819274,0.008710043,0.0022859557,-0.017932046,-0.00097624294,-0.007008275,0.003610725,0.0023253055,0.002819115,-0.012204565,0.009335869,0.00034363518,-0.0015828615,-0.0075757606,0.006034867,0.0008600025,-0.010580458,0.0062851566,-0.0047586653,0.032255284,-0.002058498,-0.0035903212,-0.0033019488,-0.0034436064,0.0040390408,-0.005630707,-0.010461657,0.00093080185,0.0072751697,-0.004922204,-0.0018385178,-0.0055907993,-0.00029769,-0.005583775,0.004925114,0.002463457,0.0028600302,-1.5668106e-06,-0.006725216,-0.01007147,-0.0056260135,-0.007884497,0.0056494074,0.0059959334,0.0016451555,-0.00757416,-0.007449421,-0.0043582898,0.010036875,0.0026968508,-0.0010064006,-0.004269207,0.00044423086,0.002517943,0.0049668937,-0.0013382895,0.0015504704,Bhoopali
-357.86716,67.03067,-12.364373,26.994831,-14.127627,10.003939,-2.0466697,-5.5027375,-2.0264022,14.756466,0.21722122,-5.2025113,-11.27502,9.12904,-2.5600507,-0.86515087,1.3575697,1.6712371,4.9439254,10.331296,-1.9634595,2.6085312,1.6867589,3.3712912,2.280315,12.631938,-5.841995,3.6690228,0.87289894,4.79327,10.175786,6.4218335,1.8588125,2.0009506,-3.2546833,2.8111188,2.0838377,7.217369,2.2909112,2.0594482,0.1875807,-0.004311522,-0.007482549,-0.041155674,-0.032172006,-0.017450409,-0.017793022,-0.015108978,-0.001751266,0.0034586417,-0.021582928,-0.01817451,-0.0016263981,0.003591584,-0.011551466,-0.027663697,-0.0028243288,0.008118194,0.019011512,0.04208808,0.025728272,0.013886478,-0.018496396,-0.017561028,0.00046218003,0.026998214,0.008614951,-0.004042963,-0.025265167,-0.000966898,0.018627249,0.01017729,-0.024064163,-0.020175943,-0.00052100065,0.0092738895,0.0002700011,0.0033978883,0.013177491,0.031752527,0.024720814,0.036993135,-0.023126936,0.0049400805,-0.008266888,0.0039137765,0.003594019,-0.009031538,0.005083184,0.0022820677,-0.0014371114,-0.0056431303,-0.0037967064,0.0048511703,-0.005719669,-0.009264952,-0.0037223373,-0.0124789905,-0.007276706,-0.005238698,0.00555049,0.0023970199,0.0010193378,0.001839723,0.006896376,-6.8957335e-05,0.00083179335,-0.0003188363,0.0014875783,-0.005374991,0.0020155476,0.0011532394,-0.002962061,-0.005079326,0.0014116709,0.0024207216,-0.0012706639,-0.0033536113,0.005345147,0.00300845,Bhoopali
-356.64883,65.04157,-10.387469,28.017338,-11.919372,7.405899,-3.9632292,-3.2353868,-3.7012944,15.078184,-0.7575305,-4.068583,-8.943343,9.103678,-5.19507,-2.1679988,-0.99318415,-1.3012378,1.7493485,10.130517,0.07014712,5.677629,1.6225151,3.0260315,-0.7413526,10.410379,-2.6611695,10.596497,2.541524,0.07219756,-0.6094361,4.934188,6.6032643,8.741617,2.5676153,4.1648006,-2.3202596,0.40816686,-3.6556346,5.3006635,0.022926232,0.031897824,0.010164438,-0.022190278,-0.01607055,-0.0010388795,-0.022134902,-0.009713794,0.0017523062,0.007841937,-0.013005553,-0.0038242058,-0.0059199245,-0.0003547336,-0.013001605,-0.02173168,-0.006995964,-0.02120491,-0.009602978,-0.003584365,0.019177428,0.03753426,0.040681496,0.01783304,-0.0015048444,0.0034326327,-0.01066295,-0.0007744074,0.012883419,-0.0027821534,-0.016535997,-0.0054490915,0.016550912,-0.0044780103,-0.00042011144,-0.012355607,-0.0067497795,0.005376042,-0.008261177,-0.024249164,-0.056261808,0.0023468004,0.013295832,0.0006811634,0.0026899953,-0.0003991225,0.004748621,0.0060743154,0.001648484,-0.006666556,-0.0019282628,0.0010654862,0.005819358,-0.0018829419,0.0048807194,0.0051248083,0.0022315208,-0.00020273676,0.0010337684,-0.00034221823,-0.0029501552,-0.0024782754,-0.004343621,-0.007649524,0.0016420047,0.0032739807,0.0006928503,0.004303184,-0.0023112732,-0.002618697,0.00032694836,0.0014514138,-0.0006099688,-0.0032348963,0.00022134789,0.0002918418,0.0043374673,-0.0069207516,-0.0028302812,-0.00032729033,Bhoopali
-371.81656,77.67687,-15.34202,35.004192,-14.290012,11.258258,-3.7429194,0.11559414,-12.150599,15.748231,1.2744371,3.1889887,-16.415081,7.228092,-0.46404815,-1.9378812,-4.0777845,1.59692,-7.824547,9.384364,-1.0184064,4.2246847,0.6738393,6.7684846,-4.5377116,5.6498394,0.42773515,-0.037933104,8.717408,6.2557554,2.2483356,1.0293586,-3.185986,3.6353805,3.1869497,5.629143,7.978344,4.6492367,4.87145,-2.40523,0.016910693,0.031124786,0.0049268096,0.0007901489,-0.020705173,-0.034031153,-0.022705156,-0.016563248,0.0037388839,-0.016408965,-0.0012230248,-0.008386854,-0.001989629,-0.01584637,-0.011247191,0.007892185,0.0018521195,0.008493307,0.020766463,0.013536527,0.012378885,0.01076782,-1.5050507e-05,0.0020690453,-0.0055018417,0.005357123,0.0009701176,-0.0067347623,-0.010617633,-0.0058516706,-0.0026630356,0.004992136,0.00079062197,-0.008138964,-0.0026231674,0.0047576446,-0.0011553284,0.0013455002,0.0011197845,0.005944346,-0.037132908,-0.03199749,-0.01920184,-0.009564003,-0.016113391,-0.0021070885,0.011605255,-0.0021919971,0.005967431,0.0062158066,0.0030539827,-0.0026300661,-0.005152868,-7.1426395e-05,0.009053579,0.0051302016,0.007323555,0.0052974992,0.0044624624,-0.0020042607,-0.010217973,-0.0036813903,0.0017361032,-0.0023116416,0.0004156435,-0.0011813274,0.0021376472,-0.00048896257,-0.0011887226,0.009101072,-0.0019609525,-0.00044093904,-0.0013768919,0.0006844759,0.004106334,5.488262e-05,-0.0017252174,-0.002396756,-0.00038250655,-0.005820823,Bhoopali
-367.9707,64.17854,-7.141303,26.591166,-12.827549,11.770517,-2.4599967,-2.8922465,9.2459755,6.0553956,-7.779439,-2.7128613,1.5937741,7.568546,-10.017565,2.805902,-2.8919098,1.8324387,9.256387,1.909115,-0.9819529,7.266673,-3.973198,6.3545523,4.4793687,4.3237934,7.1264133,2.4695928,-5.2887278,4.0471306,5.5749073,10.648681,2.470983,1.6248372,-0.9611292,1.4418737,-1.7070147,1.635314,4.491454,5.041297,0.007536799,0.026311934,0.0078001358,0.006923903,-0.04762299,-0.03685564,0.0042037293,0.0050836625,-0.015067992,-0.009170975,7.326258e-05,-0.0072100796,0.010264786,-0.018140981,-0.010111497,-0.0024128077,0.0012815008,0.027951773,0.013501298,0.007743208,-0.0017041583,-0.015935278,-0.011336658,-0.006596945,0.002330216,0.003116514,-0.0067059384,-0.005605882,0.0032197575,0.0078395065,0.0058934465,-0.017149948,-0.010148093,0.008748932,0.008551262,0.011720433,0.00905213,0.008966432,0.0070271236,-0.012637669,-0.0055164727,0.009024151,0.0054971324,-0.012932389,0.00532601,0.0014729827,-0.0017992936,0.0016944573,-0.0011874039,-0.0014551756,0.0013629324,0.0035696633,-0.0017233707,-0.007162103,0.0015378401,0.0002079339,0.0016986986,0.0004811216,-0.0003742307,-0.0009970153,-0.002776514,0.0062231817,0.0036449055,-0.002104446,-0.00060348434,-0.0021470762,0.0020131804,0.005631164,0.004656738,-0.0047394317,-0.0033796036,-0.0017542423,0.002377511,0.0020588466,-0.0034739117,0.0002594899,-0.0032176778,-0.0067759785,-0.010942544,-0.0039117634,Bhoopali
-347.0522,189.9952,-9.614738,-1.2456509,16.557034,0.59202236,-3.8811815,-8.820125,-5.031722,2.611053,-5.1258693,-7.933233,-3.3756366,-1.6522093,-1.1339376,-2.2163444,-4.7280426,-7.9384303,-8.587473,-6.064821,-5.8809314,-6.9103823,-4.923431,-3.408457,-3.985459,-3.6862745,-3.1167343,-4.73954,-1.9063773,-0.6544402,-7.5843644,-8.605189,-1.8319472,0.6323425,1.0899732,4.2298145,-0.3189157,-4.9184117,-0.2789813,0.07713997,-0.034664646,-0.05303875,0.014338782,0.0008210786,-0.01888993,-5.8438556e-05,0.011784218,0.00932721,-0.001313508,-0.0014804525,0.010567169,0.01400266,0.008844353,0.008833086,0.006422848,0.0046734572,-0.00062596274,-0.0032186178,-0.009273175,-0.007956935,-0.011051993,-0.015302569,-0.01108822,0.0015169177,0.00061659224,0.007110827,0.012979015,0.003076502,-0.0024989184,0.0057904217,0.00036782568,-0.006140921,-0.004224913,-0.0013772545,-0.00056000514,-0.0040184823,-0.008494594,-0.0013228144,-0.0024461427,-0.0005843292,0.0021980375,-0.048702594,0.0070172097,0.00997928,-0.02248891,-0.0023465327,-0.00035100465,0.005603272,0.0025859857,-0.009566109,-0.006661837,0.0067361956,0.005020514,0.0010097491,-0.0029064985,-0.0013369673,-0.005497983,-0.0055825063,0.0030236728,0.016899692,0.01077784,0.0032910912,0.005711048,0.009212024,-0.0008266752,-0.0020938602,0.0025406324,-0.0046897233,-0.013704554,-0.004831542,0.0052688075,0.008342914,0.0023782593,-0.005955393,-0.0068397224,-0.0033606368,-0.00051515986,0.004763014,-0.00083727937,-0.002131468,Bhoopali
-293.6664,212.57631,-21.510511,5.1487827,28.126993,-2.2718587,-4.798252,-17.047909,-18.58891,-3.8983347,-7.433221,-7.2721186,2.8206704,6.580368,1.0638455,-7.364121,-11.210596,-14.023058,-12.523151,-7.04508,-8.473352,-10.433549,-8.5660715,-8.309133,-4.63619,-1.6916137,-5.711682,-5.190976,-0.22795194,-5.3628983,-9.707534,-0.7039761,5.508946,0.4116357,-0.676316,2.254233,-4.848718,-5.8147597,4.2603106,-1.4978895,0.01192179,-0.0442062,0.0078973835,0.0033656105,-0.009964093,0.0065900227,-0.008209079,0.0045365095,0.028287806,0.021197401,-1.8357521e-05,-0.0013293609,0.015674207,0.016851882,0.0043825493,0.011023818,0.0061128354,0.008781186,0.034768872,0.03770662,0.005094158,-0.0045724963,0.0019364451,0.019167153,0.018075462,-0.004605645,-0.017518528,-0.0057987077,0.0076888856,0.0057703075,-0.015710682,-0.010784229,0.006162091,0.0041485494,-0.021236887,-0.019461157,-0.00940291,0.010759383,0.0115280375,0.0047810925,0.0136865275,-0.013179237,0.00872645,0.00041028167,-0.0062793614,0.0020774396,0.00056045863,0.001793954,2.3013194e-05,-0.0016097481,0.0007564653,0.0004944001,-0.0046456335,0.0023417277,0.0038826382,0.00080728723,0.0058457986,0.009587885,0.009442149,0.007372618,-0.0031333624,-0.005152804,-0.00090416375,0.0024334453,-0.0004297733,0.0025170676,0.008675723,0.008277594,0.00072053575,-0.0012440594,-0.0007183104,-0.0014571546,-0.0033516097,0.005508524,-0.0012987693,-0.007669543,0.0003955615,0.0071897665,-0.0056737713,-0.0061287093,Bhoopali
-290.57376,183.01251,-7.2694283,3.4777188,18.317205,7.2120967,2.3161597,1.143823,1.9413259,5.175311,-1.1432837,-6.0063653,-8.016872,-8.194193,-2.198561,0.12629868,-4.3020887,-8.7382555,-6.9564066,-1.6069447,-4.6174536,-7.8496337,-4.907745,-5.9352717,-7.932916,-3.745972,0.16022517,-0.1219094,0.74574965,-1.8623816,-8.246918,-6.7532153,1.4506584,3.615646,-0.8414465,4.535097,0.35477173,-11.341303,1.5122908,3.045932,-0.10146356,-0.033358525,0.07285551,0.01523566,0.018537343,0.034873623,0.0035313212,0.028359946,0.016627148,-0.022199888,0.0034900026,0.0018006925,-0.03255326,-0.0407567,-0.024383957,-0.015297509,-0.013796364,0.014049212,0.02577858,0.010294329,0.001175234,0.0061292443,0.005317224,-0.014426715,-0.025298528,-0.0024295747,-0.008082332,-0.008131097,-0.0046433327,-0.009199622,0.01748748,0.017250236,-0.010821749,-0.011746381,-0.0040960857,0.008749427,0.024068043,0.030628722,0.008056013,-0.01827911,0.028704507,-0.02584766,0.0044899764,0.008975002,-0.010090921,0.012845473,-0.004936159,-0.003352462,-0.0060855187,-0.003911391,-0.0021863314,-0.0008258459,-0.006930722,0.0049114,0.0099140955,0.0074576386,0.005395048,0.009713693,0.012370078,0.012102752,0.0015853358,0.0009470645,0.00026162923,0.00018766822,-0.0015513962,0.002953667,-0.0015078707,-0.0060365363,0.0039245584,0.007515461,0.0038676548,0.008220441,0.005254332,0.0024226792,-0.00066609366,0.0033243052,0.004123375,-0.0035464354,-0.0030192265,0.0021063662,Bhoopali
-305.56274,207.95665,-22.78647,12.262481,24.296413,5.796285,-6.669968,-15.333373,-2.7567813,-1.7205188,-10.50361,-4.676179,-6.6322217,-5.5809636,0.794148,-1.4046755,-5.7058206,-11.061736,-9.533616,-7.0709662,-4.324189,0.8624648,1.2162359,2.143969,-1.3305647,0.31967977,4.1984205,-2.708174,-5.4933534,-5.7105823,-7.158103,-2.7926562,-0.6202469,-1.714647,-1.0863215,0.0108210705,0.44626445,-5.2970815,-8.731785,-0.73755395,0.004078435,-0.03122292,0.030656159,0.02766893,0.004064385,0.005006748,-0.019938616,-0.022722382,-0.004392358,-0.013947433,-0.017716303,0.008104345,0.0061922823,-0.008140322,-0.0062933112,0.002392932,-0.0025163677,-0.013054886,-0.03331674,-0.026519326,0.012144862,0.019395636,-0.0024519118,0.0016067432,0.0045304764,0.0020874836,0.016390951,0.02566362,0.01678889,0.014024578,0.008153312,-0.01104533,-0.013847406,-0.0017970593,0.005619655,0.007261497,0.009923744,0.018175352,-0.0012284039,-0.005738058,-0.0036000502,-0.023715267,0.008903774,-0.004649212,-0.0027711957,0.005808872,-0.0019611507,0.00464979,0.009873308,0.0062131346,0.009276287,0.0035454263,-0.004708884,0.0026975616,0.0040000905,0.0074467394,0.006055324,0.0021040535,0.007889575,0.008608038,-0.0018793803,-0.0016564457,0.009370065,0.003935878,-0.0051557794,0.00511478,0.0032910774,-0.0037742287,-0.0052917567,-0.0015826724,0.009547396,0.0024804948,-0.003976107,0.004049676,0.0005759476,-5.1903153e-05,0.00086257246,-0.002782904,0.0009123741,0.008576554,Bhoopali
-267.5986,190.7593,-33.198498,16.355087,8.962065,-14.292081,-11.020453,-15.184137,0.1855759,7.376303,-5.25334,-6.108816,-6.915643,-2.720672,-0.3697671,-3.895872,-6.833883,-4.046195,-1.2604755,-12.1397705,-10.701829,-0.9337739,-1.2075578,-0.7350531,3.5485091,3.5418549,-5.8028316,3.9076033,-1.6318343,-7.965413,11.687769,7.744462,-4.6922584,-4.3174343,-12.107807,-6.4810476,1.5565296,-4.58353,4.772973,0.5376172,0.06621818,-0.062459454,0.02347653,0.004458884,-0.037755035,0.020057853,0.007876349,0.020787606,0.019443057,-0.0032669029,-0.0063596014,-0.015888928,-0.034523424,0.001118128,0.011726162,0.0051539787,-0.008660407,-0.012176301,0.00829458,-0.0026107482,-0.009689023,0.01387024,0.016188214,-0.0024268932,0.0022137393,0.017151222,0.0005578891,0.01997799,0.007696074,-0.015062998,0.00011098018,0.009571505,-0.0073864628,-0.0004966677,-0.003373453,-0.012913815,-0.0069692847,-0.023550924,0.0015242078,-0.002211517,0.034129944,-0.005606218,0.00014210481,-0.004536979,0.0017550733,-0.0007451805,0.006251204,0.00093351695,-0.00028280367,-0.0014605229,-0.0011022043,-0.0045087757,0.0048401575,0.013742534,0.001203401,0.0028587552,0.008548663,1.6802689e-05,0.00047304228,0.00031124623,-0.0038890818,-0.0023607458,-0.0037985705,0.003839213,0.002933089,0.0016566553,0.0038719836,0.001085644,-0.0035613482,-0.0044604708,0.0011436661,-0.0014707273,0.004868815,-1.2249994e-05,-0.0031494424,0.0017768552,-0.010084928,-0.007374955,-0.0075583793,-0.0019320642,Bhoopali
-301.26306,205.55835,-39.039577,11.804102,20.858034,-3.597855,-1.657167,-21.895094,-12.921621,2.2021735,-6.6840506,-0.919339,2.7438397,4.9983225,5.422653,-6.988258,-15.435856,-10.308014,-0.6878862,-2.3397837,-11.781926,-11.870227,-8.446826,-0.4673625,5.237453,-1.1759714,-2.3900049,4.0831165,3.70547,-9.881963,-10.381888,6.079561,3.7778409,-5.464295,-0.4922605,-4.750543,-9.762496,4.425528,6.1429553,-4.963601,-0.22225352,-0.057857886,0.03873205,-0.05092382,9.708977e-05,0.028826607,-0.0042458936,-0.011045365,0.0030721172,-0.011205775,-0.0037933616,-0.008195196,-0.00825843,0.0029346638,0.00048318386,-0.00096319936,0.009345555,0.008094515,0.0053468305,0.0017841349,0.004699883,-0.0024587745,-0.011962907,-0.012541292,-0.0122359255,-0.01745535,-0.009079578,-0.0055026873,-0.000795444,0.00653181,0.0016261305,-0.006822382,0.007589634,0.018348472,0.009704577,0.0037811508,0.0012655329,-0.0121689625,0.008344094,0.024028629,0.021176042,-0.018889252,0.0016215896,-0.0005442381,-0.008492949,0.006087757,-0.00029089832,-0.0018145506,-0.0020551947,0.002303855,0.0036349276,0.004758448,0.0013764453,0.008366537,-1.820898e-05,-0.00982011,-0.0014244991,0.013992147,0.011618105,0.0015958461,-0.00047610377,0.010623254,0.014798676,0.008686808,0.0004445791,0.0009674139,-0.0018837996,-0.0009159802,0.009645549,0.0142597845,-3.8052083e-05,-0.0035410435,0.0027914676,0.0025762585,0.00057148526,0.0028515863,-0.0017311905,-0.0028811237,0.001009289,8.71731e-05,Bhoopali
-381.69278,70.29875,-16.312002,32.0184,-11.881007,8.432724,-0.63832587,1.5172335,-7.3688135,14.7526245,1.3408781,3.9864874,-18.622744,2.7983103,-0.45803556,1.0720422,-7.391148,-2.2911127,-7.353057,3.8066828,6.356344,2.4435937,3.7149699,5.45108,0.029509127,2.507425,5.7812085,1.9589999,3.4906921,0.44428647,-2.841544,3.0039656,1.8612872,0.23152901,2.8142896,-2.729276,6.0046186,-4.583101,0.79393,1.9541715,-0.10735148,-0.018792039,-0.0010782933,-0.0008858371,0.00074306165,-0.01151541,0.011779172,-0.0046207276,0.0071830414,0.0010320302,0.0031832438,-0.016194806,0.0028049306,-0.0032684044,0.00027500396,-0.0055222525,-0.0019046359,-0.00024116992,-0.0005504915,-0.0025203982,-0.005179003,-0.0018973742,-0.0024751474,-5.582076e-06,-0.00017283545,-0.0006630763,-0.0038244033,-0.005593702,0.0024636495,-0.004486424,0.0009795332,0.010419141,0.014788207,0.01029798,0.007887933,0.0012621132,-0.0032652095,0.00049897743,-0.008479215,-0.005142732,-0.02272465,-0.0024238317,-0.0055566994,-0.0023406793,0.002643217,-0.0050377026,0.0019155958,-4.126391e-05,0.00027750773,0.0008504688,0.0062273135,0.002715568,0.006463463,-0.0016218593,-0.0023026695,-0.0014620619,-0.005666601,7.3917596e-05,0.00092727254,-0.0013321037,0.0020738603,-0.0018958309,-0.0033636456,-0.002689997,0.0025715837,-0.001468988,-6.9157054e-06,-0.0034404784,0.0004786108,0.0035949566,-0.0043765903,0.0031995657,0.003294914,0.008160446,0.00089974015,-0.00550169,-0.0051333928,-0.0049246894,-0.0002471257,0.002614725,Darbari
-381.71735,67.88748,-12.346391,28.955402,-8.492026,6.493932,-0.2612587,1.9661273,-8.182494,13.388788,4.4875455,1.7844384,-15.066064,2.7455018,-0.13750306,-0.61038625,-4.9289713,-2.3796005,-5.468773,3.7487586,6.070078,3.2692995,5.8295794,7.1496463,-0.45946762,5.0322075,6.75745,2.057228,5.418469,1.8770138,-1.8917409,3.8981175,-0.19535789,2.0820327,2.54858,-2.7166514,2.8786767,-3.7923553,2.434235,-0.041225046,-0.09606405,-0.02240509,0.018084195,0.001641424,0.010129666,-0.0036417018,-0.0053537292,0.0026430408,-0.00470663,0.0050531523,0.007521641,-0.0023907914,0.006780235,-0.0009730363,0.011981736,-0.0049499003,0.00879835,-0.00359727,-0.0010052791,-0.00529424,-0.0046384414,-0.0024759062,-0.0019148017,0.00047829404,0.0007865676,0.007803398,0.00011782047,0.00866715,-0.0043433136,-0.0071615977,-0.001037301,-0.0028746168,-0.0017629499,0.00014198582,0.008638568,0.00494105,0.0051761093,-0.006601586,-0.010125704,-0.0004565052,0.00030820645,0.00806075,0.0035515346,-0.004534964,0.0024142573,0.0014239453,-0.0046889437,-0.005711705,0.003314582,0.00024105916,-0.0002702387,0.0020404498,-0.0060737203,-0.0025813726,0.0036580383,0.0043866993,0.003608433,0.0011993386,0.0018210583,0.0037861823,-0.0016399818,0.0009766415,0.003419085,0.0016263023,-0.0024027894,-0.004515158,-0.0028419807,-0.004517575,0.0009550564,-0.0011309228,-0.0023865416,0.0014565329,0.001117193,0.003098208,-0.0022498155,0.00040245414,-0.00366348,-0.0040446534,-0.0013448644,-0.0005143173,Darbari
-379.19876,73.05006,-12.055601,36.09453,-12.503949,6.840966,-0.93244547,6.0273657,-10.446929,13.036837,0.5014238,6.698786,-14.3905,2.6684067,-3.3190174,0.37734672,-6.3410115,-0.9332284,-5.415061,1.9783801,3.9646397,4.4632635,6.363223,6.9791527,-0.57125175,3.146888,6.1397552,0.00061805604,4.7689667,-0.07975132,-3.3872695,3.605403,1.2080357,1.5279101,5.336277,-4.3115535,3.2080183,-2.963359,2.0536544,0.8327968,-0.11462036,-0.012404359,0.022281086,0.0071809967,0.009531679,-0.0056347717,0.011498727,0.00340834,0.00033101699,-0.014398312,-0.0059549687,-0.0075461855,0.0023023612,-0.008493652,0.002410594,-0.0119292615,-0.01701124,-0.008029647,0.00569652,-0.0021465772,-0.00096512405,-0.0065108286,0.004323977,0.0059675183,-0.0061779325,0.0023399189,-0.0018452284,-0.008654301,-0.0060708993,-0.0055722287,-0.0007288578,0.008846723,0.0026477284,-0.009774997,0.0010887826,-0.0012363861,-0.009520131,0.008322939,0.0026550714,0.01043961,-0.03049657,-0.00020738192,0.002675099,-0.0076361094,-0.00065749837,0.0015643288,0.008558201,-0.0010838164,-0.00047996853,-0.0075995573,-0.0035187998,-0.0011712178,-0.0042148605,-0.00042795748,0.0045225453,0.0037721598,0.00436231,0.0031647692,0.00088109064,0.0032764447,0.00017934568,-0.002006479,0.0003494442,-0.008219971,-0.005812196,-0.0031902415,0.0013847961,-0.001532572,-0.0018143638,0.00222431,-0.0023579947,-0.0037329323,-0.0022038238,0.0039893463,0.00043204334,-0.0003289794,-0.0039664507,-0.0023326168,-0.0007427537,0.00053318514,Darbari
-372.94293,68.984924,-11.982465,32.58359,-11.004304,5.8700323,-1.6580049,3.405889,-8.445628,13.073934,2.5072982,1.2680914,-14.761425,6.292255,-5.3291173,-0.11644996,-6.9854984,-1.9223219,-5.1375947,5.5449977,3.75135,6.8423157,4.6130757,6.593993,1.0473862,7.4060388,5.1888256,3.0812013,4.084696,-0.6711262,-0.2825608,4.0722814,-1.0821998,4.1878986,-1.0515211,-0.93226993,2.0140676,-1.1344779,3.2021723,2.892728,-0.11963511,-0.014770392,0.0055020857,-0.015677402,-0.0050733406,-0.0046551996,0.0034261108,-0.010391362,-0.011708954,-0.0122573525,-0.010733937,-0.013865073,0.011248996,-0.0071951915,-0.0009431198,-0.001275741,-0.00307338,-0.017181093,-0.00681054,-0.0017086904,0.010494425,0.0055949287,0.009536572,0.0038853516,0.004367631,0.0047072563,0.0033234293,-0.002322872,0.011418838,0.0044371774,-0.012451624,-0.012670973,0.0025155647,0.0009225782,-0.0070487433,0.00056983216,-0.006897745,-0.012759294,0.0015391386,0.008221797,-0.04593943,-0.004803282,-0.00012622956,0.0071069067,0.009613202,-0.002084271,0.00020617328,-0.0045034345,-0.0009842289,-0.009448798,0.0046000388,-0.00403712,0.0048710443,-0.0029115395,-0.0071114535,-0.0034568994,-0.009537082,-0.004600989,0.0019257292,0.001759856,5.767319e-05,-0.0020380816,-0.0024191067,-0.0055539287,-0.00554162,-0.00576728,0.0027165192,0.0038127594,0.007044594,-0.0007715869,-0.0028190922,-0.006176001,-0.0041321577,0.0029811042,0.00059419905,0.0015313452,-0.00392186,0.0035127364,0.004755924,-0.0016328606,Darbari
-374.18176,66.944916,-9.465143,30.882734,-10.815876,5.840276,0.9519871,0.20929706,-3.7233505,14.067849,1.3347626,-1.5551598,-12.308866,6.170296,-6.0058975,-0.39771178,-6.352495,0.4930147,-1.7898148,10.466093,5.4588037,5.922005,6.9449935,4.243289,0.38502675,10.809616,0.38912627,2.3916137,2.000271,-2.0030403,4.1332307,5.6395354,-2.5556011,4.92501,-4.3345866,2.4719105,0.8795551,2.847714,5.011487,7.4567213,-0.08310247,-0.00018123962,0.010544181,-0.003575186,0.0064882585,-0.0056529683,-0.00121656,0.003913688,-0.008996399,-0.014826939,-0.007146304,-0.0040390496,0.009445216,-0.005911015,0.00092239346,0.0009667776,0.00073835143,-0.0099747665,-0.00058734696,0.0045584785,0.013751668,-0.00026580718,0.00084511243,-0.0011762368,0.005006828,-0.00082302,-0.0035905866,-0.0066037695,-0.006039117,0.001062183,0.0011776894,-0.0025731884,-0.006102406,-0.0073227407,-0.0038934813,-0.00777941,-0.002274691,-0.002219386,0.0069171055,0.0055251904,-0.018344458,0.0016823128,0.0017323594,0.0046478384,0.0030300731,3.7307433e-05,0.0018794847,-0.0034994148,0.004845009,0.004069417,0.002729994,1.5791791e-05,0.00146727,-0.0005174234,0.004781133,0.0031891668,-0.0034545825,-0.0024785693,-0.0002584859,0.002973124,-0.0005205307,0.003470506,0.0045067673,0.0023884994,0.0050493632,-0.0042077648,0.00092189753,0.0032489237,0.0040762974,0.0031729545,0.0037273648,-0.0025429355,-0.0052001127,-0.0035993126,0.0009060321,0.0007534997,-0.0022430648,0.004424774,0.0049466914,-0.0028211467,Darbari
-185.73149,161.0451,-55.39547,-12.70477,-19.181948,-3.8638518,-24.75152,-12.632037,-26.844547,-15.820533,3.6844473,-6.075341,-4.2289667,6.3882923,-2.619181,3.2395732,-5.1209497,2.1915264,6.4671693,-10.975938,-10.273148,2.7399428,5.118239,-8.764943,-5.683444,-3.826086,-4.281806,-2.1688788,-4.5654497,1.2938961,2.699015,-0.067357324,-2.0036643,-0.35115466,3.4612265,-1.8311707,1.7832301,0.9321785,-1.1833496,1.5269607,-0.047764838,-0.021856012,0.011628002,0.02460762,0.005533019,-0.0008540852,0.00338346,0.01620186,0.012271485,-0.012331771,-0.0024944884,-0.015304306,-0.0107337935,0.00030922104,4.430568e-05,0.00803392,0.013282073,0.0005810217,-0.01676796,-0.020309292,0.015025017,0.00033295286,-0.018133836,-0.014537918,-0.0037911707,-0.0028190992,0.0005480304,0.00078647566,-0.002482301,0.014074531,-0.00086356694,0.0048553147,0.003806154,-0.014362482,0.0016774633,0.012303595,-0.00088613766,0.0014770904,0.0072392337,-0.0017840835,0.0013962832,-0.00038687704,0.0099141095,-0.00019720054,-0.0032928882,-0.0025130694,0.00061778055,0.005663744,0.00480109,0.0049004047,-0.003773298,0.00462978,0.0011619772,-0.005874641,-0.0054669636,-0.006178131,-0.002513447,-0.0002278762,-0.0038067745,0.0035332276,0.0020695005,-0.002073047,-0.0036899336,0.0014682893,-0.0031261567,-0.0031980858,0.0024762065,-0.0025897985,-0.0007038191,0.00090987515,-0.00443812,-0.0021371911,0.007348603,0.00025347978,0.00102938,0.0028189176,0.0006656293,-0.002456263,-0.004334317,-0.0021080957,Darbari
-189.62071,161.1376,-49.1276,-5.171861,-16.648077,-9.635985,-25.30166,-8.944715,-26.62019,-16.98651,4.065038,-6.58816,-4.812136,8.328541,-1.3386554,1.7707415,-3.8834405,1.1444118,3.2937968,-8.246346,-6.015699,2.0133865,1.1724716,-11.765615,-4.2841043,3.5547068,0.5129486,-2.4616492,-7.3738384,-5.957982,-0.44740245,5.737255,1.624085,-0.4064106,0.40407524,-0.06606014,5.1220365,-0.09124825,2.7540174,4.0125823,-0.024606198,0.007669074,0.013572818,-0.0009239729,-0.015277647,-0.011428596,0.003898941,0.007189162,0.012937703,-0.004535072,-0.009684822,-0.009154384,0.0051592793,-0.0072842226,-0.011066517,0.0011103773,0.0064514186,0.005213176,0.008928073,0.0020581244,-0.0046460945,-0.0044232747,-0.008120424,-0.0147603275,-0.008148705,0.00015290827,-0.0011346234,-0.0010286396,-0.0032746834,0.0037536859,-0.0019294831,0.0039482475,0.010546933,-0.006943533,-0.0106458645,-0.006248242,-0.0028964977,0.009425275,0.00021557201,-0.0032378223,0.008756024,-0.013686384,0.004635005,0.0012963573,0.0015527002,0.009608167,-0.0018059466,-0.0048474777,-0.0008578958,0.0056537488,-0.005396939,0.0021660477,-0.0020867505,0.0014548616,0.0023470076,-0.0056490316,-0.0055184355,-0.0017064112,-0.00357816,0.002976787,-0.0005830807,0.0003198888,-5.6040444e-06,0.0021629706,-0.00012212458,-0.0023952723,0.0025320272,0.0024691294,-0.0015397816,-0.0011909881,0.004815154,0.005794865,0.006612396,0.004572513,0.0001676917,0.0029746161,0.001265537,0.001950991,0.0021106934,-0.0015153321,Darbari
-190.9579,159.50737,-56.373356,-4.572842,-12.470908,-14.6641445,-26.166536,-5.182672,-28.978243,-16.524645,4.592134,-2.9422233,1.8977861,13.213431,-6.6752143,-0.08564926,-5.1456633,7.796447,3.1653755,-8.76696,-0.2112477,8.278093,-1.6003381,-14.13192,-0.02210289,-2.098319,-4.934037,-11.888882,-9.80215,-5.8785043,-11.991599,-7.283344,-7.309672,-3.585721,1.1482574,-4.147293,1.6407945,-0.5877369,1.7690765,7.4618163,-0.08607841,0.0019585711,-0.0009032051,-0.01599159,-0.0076168794,-0.0036928058,0.019452592,0.0025063655,0.0016366553,0.01429362,0.01759647,-0.019107187,-0.006505098,-0.013423747,-0.00073983433,0.004816503,0.0129488185,0.004073392,-0.0038207395,-0.011004197,-0.011803172,-0.010115573,-0.004330573,-0.008105894,0.002403038,-0.021432988,-0.019559758,0.003918633,-0.0029946694,-0.005181766,-0.0024126628,-0.011413898,-0.01902397,-0.0043533584,0.002538859,-0.0050643543,-0.0043713497,-0.008375103,-0.011620795,0.00550646,-0.019118661,0.010027702,0.015088294,-0.005441408,0.0010783449,0.0020528582,0.007470282,0.0013683313,-0.0012860683,0.0046993303,0.0046399543,0.0075013307,0.0051535144,-0.002812763,0.00083147275,0.0003613378,0.0029874567,-0.0037808332,0.0003617055,0.0024962581,-0.0027052453,-0.002683927,-0.0009648355,0.0065902723,0.002824705,-7.822006e-05,-0.0029504346,0.00031642723,0.002492269,0.0018167915,-0.0019450578,0.0031984162,0.0054872064,0.00036480775,0.001164488,0.006151791,0.0014880605,-0.006027188,-0.0036946493,0.0021897112,Darbari
-197.99988,148.8963,-59.724094,-1.1276572,-11.660573,-18.924137,-22.160324,-13.98705,-25.682121,4.9496317,-0.6938125,-2.1628406,11.842504,-3.8057668,-2.6750314,2.720866,-1.1660013,0.6070707,-11.714256,2.1611822,3.663752,-10.160061,-13.210899,5.305111,-9.877095,-9.895086,-8.701488,-2.685611,-5.114152,-6.8527794,-5.6307735,-3.8677328,-0.0023864298,-2.7648947,1.3162628,5.902752,-2.1189973,6.2445908,-1.1911758,5.3955812,-0.06380879,0.013147514,-0.013012294,-0.013742002,-0.0039127152,0.0060156197,0.00088708894,-0.0038004096,0.017119033,0.0072144633,-0.014357078,-0.013514345,-0.00010889944,0.0047522215,0.0073819747,-0.0029797116,-0.0021067967,-0.009667819,-0.01776642,-0.010300881,0.01038317,0.010819036,-0.006944067,-0.0068720877,-0.012992222,-0.0051237275,0.00426774,-0.005619148,0.00574206,0.0031955147,-0.004069521,-0.002519477,0.0023191913,0.0023218056,-0.005009379,-0.0032363366,0.008511834,0.020103645,0.00031693542,-0.0049796067,0.00063721836,0.0075583328,0.0083380565,-0.009954472,-0.0018426803,0.004245475,0.007332068,0.0002718995,-0.00057841727,-0.0019151923,0.0036638184,0.0021435828,-0.0025917029,-0.0026521247,-0.0028012968,-0.0021855568,0.0055161156,0.0007444809,-0.001694041,-0.006282804,-0.0026694145,0.006050002,-0.0008103212,-0.0055279057,-3.244728e-05,0.0036624116,0.00534804,0.00024258476,0.003558279,0.004673168,0.0014673058,-0.0011910434,-0.00028761936,0.0020840934,0.0016763853,-0.0047292314,0.0007103138,0.0008268231,0.0009084368,-0.0021788087,Darbari
-198.00952,162.94284,-50.679802,-6.276926,-8.818746,-12.23807,-23.99387,-12.480955,-28.103834,-15.207326,4.5395083,-3.8301237,7.8934965,6.298532,-7.2610693,3.6538515,-6.009626,6.6306252,0.69967806,-6.608261,0.34541732,4.1133475,-5.9963484,-12.321755,0.8212543,-3.7427917,-13.406222,-9.831291,-10.573576,-7.708954,-7.204107,-4.954822,-2.0997598,-0.9730137,-2.040541,-5.0625196,2.3225758,-2.1429143,-0.9027939,-2.3500056,-0.047594436,-0.019723386,-0.022460083,0.007462474,9.517728e-05,-0.034582794,-0.011475256,0.014400123,0.0032963736,-0.005966396,0.0071645156,-0.008772,-0.0014218136,-0.0013099924,-0.014134595,-0.007514406,-0.0028700829,0.0010040501,0.00983409,-0.013418107,0.0040904083,-0.0076421266,-0.017643388,-0.012549018,0.0066688005,-0.0035199304,-0.014958876,0.010378038,0.019691555,-0.008955139,-0.020074505,-0.0015735651,-0.0036832942,0.0006518747,0.0046773497,0.00068014994,0.020658214,0.03594738,0.015925134,-0.0016304627,-0.002868749,-0.0021859831,-0.00059922517,-0.0006300153,-0.00029245784,-0.0037488085,-0.006526517,0.0044378,0.013752255,0.0030300312,-0.0066652563,0.0012488747,-0.004455063,-0.008160287,-0.0010498475,-0.004151122,-0.0005608994,0.003585242,-0.0024159849,-0.0066259904,-0.0057628276,-0.00029184326,0.0014587236,-0.00091681763,0.00093118026,0.00051174406,0.004619981,0.0025326551,-0.00092575635,-0.0028854834,0.00049962214,0.0021277335,0.0018573225,0.0027717673,0.0047100354,-0.0020389452,-0.005663082,0.00053295196,0.00012915296,0.0024926509,Darbari
-309.48694,155.53168,-57.391487,-10.762792,-18.29913,-0.13612425,-18.657383,4.9197755,-11.776302,7.7469654,0.3681911,9.110077,9.803717,2.215553,3.985622,7.5398955,5.045994,0.7442757,-6.56675,-3.951088,-5.8908153,-10.6161,-12.150483,3.0091019,2.992531,-1.9043975,2.660422,-3.2963064,-2.5653255,5.538625,-7.030223,-10.73217,1.0688092,0.7712896,-2.1898916,1.0936117,-4.935162,-4.0733743,-4.17525,-1.7927226,0.33590978,0.13410515,-0.05995032,-0.031602148,-0.010099089,-0.010123676,-0.0184519,0.008833431,0.0013526768,-0.0019527986,-0.005130708,0.019661559,0.017968949,-0.000696789,0.002848838,0.016983856,0.004113322,-0.0050961585,-0.0016566981,0.002029901,-0.0043948395,-0.019070072,-0.0124461735,0.0087949345,-0.0014493893,-0.010766895,0.008499219,-0.005811395,-0.01229075,0.0038252783,0.0035821118,-0.0035212208,0.0036135702,0.0034020632,0.0004204422,0.0081041325,0.004627292,0.003457897,0.0007698741,-0.004564236,0.0011860856,-0.0069616856,0.0064009246,0.0016681744,0.0070550675,-0.006345015,-0.0009235993,-0.0027420996,0.0016585486,-0.005883749,0.0037177815,-0.0033654973,-0.009338302,-0.0051732357,0.0007410742,0.00014318596,-0.003063744,0.0029946489,0.0012280166,-0.0008684498,0.0017518337,0.0041184085,0.001809485,-0.00010201773,0.001457695,0.0044576004,0.000480163,0.0035703452,0.0027648646,-0.0016245891,-0.0010084824,0.002637447,-0.004241498,-0.001712595,0.0028849365,-0.0025886013,-0.001977424,0.00024470538,-0.0021968435,0.0011056584,Malkauns
-325.35547,152.69095,-42.892387,-10.428903,-11.386605,3.28828,-31.531101,-0.7584918,-9.04397,-1.1052002,-0.3077777,5.008576,12.886983,6.9737635,0.32773817,6.455883,9.622881,2.5304542,-1.6320237,-2.9285908,2.0445263,-0.5779658,-10.938314,-10.676285,4.1274776,1.7588415,2.7611225,5.285042,-6.896,-3.7509453,3.2219362,-1.4097909,-12.15321,-1.3610597,-7.221329,-0.32860708,0.3471813,-3.1553211,2.1496305,-0.5313801,0.22464807,0.08373539,-0.02625195,-0.004109406,-0.0011404023,0.0038811697,-0.01155374,-0.0047613713,-0.01266414,-0.009746105,0.0016986326,0.009481342,0.0069324495,0.007534661,-0.002606819,0.0010410888,0.017685615,0.005131558,-0.012156101,0.0027663691,0.007339604,-0.0029560805,-0.005308448,-0.0046013533,0.0021109534,0.0037253979,0.009843289,0.0026961835,-0.005036857,0.0095629,0.007460244,0.0010218532,-0.004551603,0.0032898525,0.00020899274,0.0013394922,0.004638795,0.0009481627,0.0040665725,-0.0040036375,-0.0038409194,-0.0037308715,5.3646916e-05,-0.0025460513,0.0019409127,-0.00086768816,0.0018052431,-0.0020052711,0.0018930566,-0.0013590455,-0.0026549906,-0.0026485818,-0.0005663352,-0.0040710797,-0.0014429564,0.0002724697,0.0013876244,-0.00077115867,-0.0015147466,-0.002245052,0.0009239792,-0.0022022713,-0.0016210616,0.004380009,0.00028301502,-0.0024609366,-0.0031962486,0.00035049036,0.0011002041,-0.001701407,-0.001602098,0.00042957463,-0.0010744634,0.0003285094,-0.00012926727,-0.0006119561,-0.0028035927,0.0010677108,-0.003256031,-0.0018459512,Malkauns
-301.84192,159.52225,-52.726837,-13.670493,-0.3493234,-4.764686,-32.239273,-5.2487435,-3.9207408,-1.3764936,1.5491099,0.20969568,6.5840826,8.987267,-0.31935215,9.045068,4.175421,10.05391,-2.5683715,-1.5915419,-0.6273016,1.9660423,-12.143031,-8.841885,0.3144977,0.91225696,0.29037872,8.016981,-4.022484,-9.441215,-0.82640064,4.47817,-8.575093,-3.8644812,-7.3105736,-3.247162,2.5392869,-0.7996364,-0.8062038,3.393458,0.2615295,0.097709134,-0.018675083,-0.014851788,0.0069215847,-0.00046707244,-0.016067866,-0.009922452,0.0003776047,0.0029063479,-0.00095272245,0.003789464,0.005030795,-0.0013091796,-0.0055711204,-0.00012558732,-0.0021145851,0.005860448,-0.0067519774,-0.009623273,-0.0067452523,-0.006260538,-0.0062800837,0.0046440945,0.007449403,0.001882176,0.0001749703,-0.00064061995,-0.0031926073,-0.0024341114,-0.002499672,0.005661326,0.008037356,0.01607531,0.0089883935,0.005210367,0.0030277092,-0.0010758059,-0.0060892627,-0.003059073,-0.00061521685,-0.0031548268,0.0027810358,0.0012991854,-0.0011023734,0.00025347617,0.0030902622,0.0005399305,0.0017882633,0.0007709929,0.0020408381,0.0006415496,-0.003129474,-0.0026109144,-0.002888235,-0.0014344787,0.002646142,0.0005871134,0.002928568,0.00020657796,-0.0031676001,-0.0014117927,0.00368082,-0.00051807583,-8.080541e-05,-0.0005278259,-0.002696805,-0.0013970735,-0.00066365645,-0.00024714382,4.5611005e-06,-0.0010903028,0.0013951312,0.0013147796,0.0002133897,-0.0010108934,0.00059534656,0.0015462318,0.002767664,0.00049098325,Malkauns
-293.8999,151.76714,-34.77957,-14.229509,-15.956492,3.2047343,-25.511826,-12.866197,-11.423405,-10.909491,2.9366987,-4.772901,-1.972953,7.9435096,7.1791115,7.213802,6.311982,8.981138,4.865968,-2.5510116,-1.0891191,-2.7113822,2.4708471,-5.7163353,-7.642962,2.4676652,-0.43655244,5.5889287,9.098996,3.98598,-1.5408535,3.4819956,5.472698,-1.7077417,2.3553743,2.5021174,-0.85105264,3.7529624,-2.03616,-4.0270076,0.18833576,0.10816234,-0.0067135864,-0.005292405,-0.011091827,0.00032282196,-0.01208873,-0.006591058,-0.0026450406,0.005206689,0.006484691,-0.003340499,-0.0045891753,0.0014261618,0.0024538033,0.00960148,0.0022571008,0.002669824,0.0008066897,-0.007229726,-0.0049245646,-0.0033799468,-0.0036796343,-0.0022765065,-0.0034200929,-0.00595907,-0.0056686746,0.001153141,0.0010811399,-0.0016869401,-0.0041956864,-0.004416719,0.0026901837,0.0052065416,-0.0005076975,-0.003211887,-0.006900878,-0.0048858155,0.00027358485,-0.0032325236,-0.009813519,0.0022232134,0.00011587043,-0.0035733606,-0.0006628212,-0.0020053147,-0.0008256186,0.000708929,0.0028459283,-0.0014948577,-0.0007147454,-0.0015224972,0.0022697647,0.0011468616,0.00027927355,0.00212015,0.0006503198,0.0007610653,0.004632003,0.0011560824,0.00054115674,0.0033815843,0.0011050702,0.0006061701,0.003031229,0.0002581928,-0.00054304424,-0.0004303082,-0.0019555439,0.0013972184,6.825111e-05,-0.002583448,0.0002486851,0.00028538879,-0.0015795105,0.00060924725,0.001840913,0.0011546626,-0.00034214926,-0.00026994105,Malkauns
-352.55713,199.94258,-51.72041,-26.518148,-4.2086763,-13.30583,-17.726284,-8.928753,-13.971545,-6.128571,5.733348,-2.134165,7.244385,11.965394,1.6592195,1.3848411,6.2174654,12.217105,3.2674308,3.4609315,-6.944428,-1.2876443,3.5750031,-7.583579,-10.08786,-5.271047,-10.037527,-0.3641443,9.580225,1.9314065,-12.906641,3.0974724,5.66367,-0.7752369,1.8635983,-2.6238215,-2.751695,1.646321,0.6555456,-3.7702804,0.30502105,0.15795386,-0.026960662,-0.02111614,0.006849089,0.014157448,-0.014582185,-0.013371261,-0.023239449,-0.006872273,-0.0013921695,-0.0036741113,0.0018156568,0.005420349,-0.0033779517,-0.0027324932,-0.0010791536,0.009911663,-0.0070084985,-1.9776862e-05,-0.012321844,-0.010280126,-0.008695064,-0.007676593,-0.008861289,-0.01150121,-0.007983931,0.0005674833,0.001632958,0.0010653181,-0.006345274,0.0015580269,0.0008404812,-0.00079126295,0.0040937676,0.00315209,0.0040051,0.021967916,0.026057415,0.018630693,-0.004139134,-0.011333133,0.013086701,0.0026091347,0.00055960834,0.001745261,0.0047946326,-0.0008466825,0.0049316357,0.0043416778,-0.008480173,0.007877137,0.0027140751,0.003645933,0.0007623477,-0.0034275595,-0.0019615998,0.0013895314,-0.0044223904,-0.0061405264,-0.0019839671,0.0021918803,-0.0010347302,0.0038968232,-0.00069193804,-1.4806224e-05,0.002688086,0.0030888228,0.0018357624,0.00074775284,-0.0015176511,-0.0027892564,0.0012052725,0.002652159,-0.0009649922,0.0042241225,0.0009903357,0.00031447315,-0.002202125,-0.0066586784,Malkauns
-360.88834,89.49852,-16.140055,33.132637,1.6546984,14.614052,3.884664,-1.2393804,-0.10903987,14.391503,2.7175906,-3.8182027,-4.2182555,10.280238,-3.4375608,5.816311,-2.8364608,-3.1380775,-3.1554542,-3.5829792,-3.7376285,4.2413697,7.54583,17.582796,8.728151,17.132019,0.8778784,1.6818739,6.8495264,4.0087,6.695785,3.1432488,-4.636159,3.5728748,3.8335404,6.8953466,-0.12106874,-0.9018467,-4.9204097,0.4509763,-0.076949246,0.035592366,0.01912925,0.015000053,0.011511673,-0.0015596243,0.0022899604,-0.015029434,-0.0029002172,0.004274257,0.005380585,0.006985346,0.020993674,0.015075566,0.0075561325,0.008904492,0.008271372,0.012505157,0.021367121,-0.00024328308,-0.008752556,0.0020486063,0.012757673,-0.00897894,-0.0012280239,-0.0055188956,0.0076019377,0.010108738,0.022944875,0.008684356,0.0059969267,-0.00875988,-0.006829702,-0.011564549,0.012910236,0.011383503,0.014671313,-0.0025184995,-0.0011993463,0.005423299,-0.00051604403,0.0025880195,0.008347189,0.00023465826,0.0009192326,0.0039226655,0.003292022,0.0022708187,-0.0013765048,-0.004124377,-0.006238224,-0.0112886615,-0.0006647425,0.003426912,-0.003984225,-0.004368249,-0.0043858294,-0.007290711,-0.0035219826,0.0020607223,0.0057103666,0.005950417,0.0037663006,-0.00041317972,-0.005780582,-0.0041397996,-0.0006270874,-0.002569188,-0.007475703,0.0034318718,0.0012647872,0.0007602193,-0.0009025364,-0.00082206,-0.0014690629,-0.00034453033,-0.0025953222,-0.004342937,-0.008298766,-0.0023960953,Malkauns
-411.15,70.09795,-4.7560196,24.04759,-11.942478,3.2347474,3.643375,-2.3088264,2.335288,0.10604901,-4.771875,-4.8302684,-5.271099,2.8762095,-13.6154785,5.9089403,5.6095943,21.583656,19.595663,18.584414,4.4878235,0.94852686,0.3321939,3.9799173,4.0662265,-0.4427741,-5.6176624,4.1323814,-5.0590625,-2.3566337,-6.51036,-5.2569485,-0.20789346,5.65901,3.0381134,5.459469,4.5466337,4.1152325,-4.4642015,0.3589372,-0.09390382,-0.023911767,0.0066494625,0.007159996,0.014981254,-0.0113691855,0.0035560105,-0.007990091,0.018197091,-0.0127607,0.020072537,0.0026238838,0.003505018,0.0166762,-0.012181822,0.004421266,-0.0036894004,0.008455828,0.0074467766,0.001121672,0.0038737813,0.0011350313,0.0029994594,-0.0005722271,0.013372506,0.0005782816,-0.0025423341,-0.013308423,-0.0030600945,-0.010915457,-0.010352386,5.5419074e-05,0.01718659,0.010741027,0.0048084655,-0.009904403,0.0009058687,0.0051126597,0.004525333,0.017981334,-0.018861443,-0.018084211,0.009617879,-0.0030599402,0.0057726805,0.0025871187,-0.0029913979,0.00016171072,-0.0027936674,0.0079379175,-0.0025497486,-6.2865016e-05,-0.004167827,-0.008074722,0.007733788,0.0038412395,-0.0007930269,-0.0016921746,-0.009276279,-0.0026679297,-0.005147775,0.005479889,0.00838488,-0.007516685,-7.028017e-05,-0.0006579964,-0.007861455,-0.0048613804,0.0020949729,-0.0014013373,0.0022664345,0.0013655974,0.004847693,0.0037264924,-0.0015953846,-0.0022622012,0.006225701,-0.00056079595,-0.005433632,0.00086123875,Malkauns
-385.7375,78.86992,-11.732713,23.56371,-13.271207,2.8946912,0.9612587,-0.17856291,-1.6625174,8.22832,-3.1190808,-3.205604,-12.407638,7.1393886,-13.642522,-1.7991676,-2.9526997,2.3661516,10.934047,16.85887,12.552598,9.296135,4.2778854,6.6046934,4.4418716,12.1679535,-5.1555457,-1.8260413,1.722754,3.9272394,2.700519,-1.545428,-11.35373,-3.1701863,-1.9510946,3.5946798,-0.13532083,4.9660616,4.693759,4.0299616,-0.151251,0.0027410558,-0.012304081,0.008469752,0.0030371824,-0.022490937,-0.007671648,-0.012294373,-0.008383922,0.0028395164,0.0045040497,-0.006828988,0.004504292,-0.00845411,0.014188471,0.008520118,0.013767903,0.0022267716,0.00088762364,0.010375486,0.0059564672,-0.0037425198,-0.0036284588,0.0010595869,0.013655013,0.011839843,0.0014932052,0.005629259,0.008324754,0.0042290976,0.011321871,0.0037370832,-0.0045685344,-0.015092816,-0.0015402288,-0.0016209843,-0.004952527,-0.019663073,0.0010752338,-0.0049164766,-0.046137437,0.005888108,-0.00028439314,-0.012435396,0.010921867,0.0025497137,-0.011385423,-0.005560491,0.011744019,0.011600322,0.00048197663,-0.011783461,0.0036044754,-0.005895847,0.0044582784,0.007197085,0.0012241786,0.0075295945,0.009564916,0.0012571164,0.0038059521,-0.0007681896,-0.005413728,-0.0069352183,-0.0022143808,-0.007126362,0.0039905547,0.0025104755,-0.0017628479,0.0022255247,0.008014774,0.00012817259,-3.4879602e-05,-0.0040372354,-0.0012622203,0.0082325665,0.008883381,0.007092614,0.0013565494,-0.0024011873,Malkauns
-387.32306,89.425064,-13.89793,28.650877,-0.42027676,10.903494,3.8837044,1.7593838,-3.1129494,13.834231,0.41071868,-4.7135878,-8.7598,8.612617,-3.9186852,0.6306539,-0.926063,-4.5078745,-4.6276298,-0.8634751,-4.5428576,3.2032006,7.234052,21.24528,12.61803,16.890898,3.0711725,-2.8254228,3.6696944,6.706182,6.021793,3.9429634,-5.6169715,-1.6067909,1.6927048,4.9497304,-1.297921,-3.6735241,-4.2468977,0.018453794,-0.13114785,0.007765257,0.015556504,-0.02201448,0.0054732347,-0.0024165832,-0.012944154,-0.0015690604,0.005614006,-0.0057313982,0.0134040555,-0.002237419,0.0045456314,0.0008003509,0.0069164084,-0.0026708513,0.0006283523,-0.012891523,0.004302386,0.00919088,0.01394634,-0.0035035645,-0.011617757,-0.00689935,0.0039817053,-0.0012432183,0.011039221,0.002985772,-0.010196681,-0.008827384,-0.0011421625,0.0013767569,0.004717106,-0.0047683106,0.0022936452,0.0029798814,0.00042080221,0.0017590686,0.0109836375,0.0077811824,-0.02147656,-8.1356324e-05,-0.0008297409,-0.013388812,0.0078373775,0.004038638,-0.0060612126,-0.0001675835,0.0023945866,0.0004981792,0.0050907303,-0.00045096004,4.0151797e-05,-0.00017138568,-0.0017507575,-0.0006885128,0.0026755505,0.0007040485,-0.0005121811,-0.00021630783,0.002526452,0.0036507442,-0.0020520848,-0.0015021672,-0.003038202,0.00318723,0.0089603,0.001355696,-0.0052105403,-0.003035061,-0.0015950034,-0.0041346382,0.0015793648,-0.0010386298,3.178818e-05,0.0035269212,0.0037384022,0.0038663857,0.00059138716,0.0008633878,Malkauns
-558.8082,72.90106,-5.185973,37.416958,-4.033805,3.8195662,-2.5585454,3.7421267,1.4364865,7.465575,-3.4433105,-9.24706,0.4558919,7.3603415,-8.5510025,3.5397234,-4.752511,0.17517865,3.0683165,8.907138,9.735329,14.052374,8.142992,5.589309,-0.35953596,3.8210595,-2.2105646,10.055135,-0.6473887,-0.5537346,3.299908,7.7111897,7.332474,3.223528,-3.4095817,2.587095,0.7888451,2.8367739,-3.4288301,2.579302,-0.14633565,0.020802444,-0.010452489,0.021101117,0.0303262,0.0065286537,-0.0023997528,-0.004913873,0.004900369,-0.010361529,-0.024245467,-0.0033130974,0.0021275044,-0.010511635,-0.018763255,-0.009991364,0.006588351,-0.0042077997,-0.008449943,0.004383813,-0.0021925503,0.00014115091,-0.0024706975,0.010839253,0.0155566055,0.014173883,0.012784716,0.0076733846,-0.002526738,-0.0066559636,0.009762217,0.0011325409,-0.0030543797,0.0048524574,-0.0073810443,-0.005523278,0.0017375932,0.0028932905,-0.0044316603,-0.007978529,0.09301127,0.008758769,0.006802359,-0.008114762,-0.014462474,0.0006562867,0.006377107,0.0018820742,-0.010146168,-0.0040412797,0.0074191,-0.0025520192,-0.0042152097,-0.00037749793,-0.0030560892,0.0015296455,0.00041128273,-0.0024495127,0.0031722703,-0.009502309,-0.001119464,-0.0048694625,-0.002892573,-0.004604808,-0.0004680292,-0.002258363,-1.1866484e-05,0.0008537803,-0.0003618934,-0.00032970513,-0.004196347,-0.005841702,-0.002831154,0.00079914136,0.0023375452,0.0015479188,0.0038416144,-2.3070377e-05,0.0028115204,0.0015495126,Malkauns
-355.52573,154.33801,-35.22228,-17.365992,5.9461274,-8.509359,-27.242996,-4.574839,-5.1354127,7.8128858,0.39848554,1.1890208,10.343621,3.0036654,-0.42076734,-5.635128,-4.64298,-0.71668684,-6.1297174,-0.5895187,-8.43869,-7.3176126,-3.9894714,1.9299293,-2.8893807,2.9960704,3.292897,-1.211854,3.6744106,9.152184,6.7254453,3.6498044,0.3297465,-2.5325272,-0.051950324,-1.5869784,1.0818561,1.5436932,-3.0353022,-3.9493096,0.18463445,0.099279515,-0.007400365,-0.0039484804,0.0068532983,0.004965443,-0.012441041,-0.011188517,-0.002578832,-0.00012629696,-0.004127121,0.006697072,0.00087335444,-0.0051378575,-0.0009952873,-0.00060930056,-0.0049616424,-0.0013808492,-0.004430393,-0.004347527,-0.008920175,-0.0076376894,-0.0037640207,0.0011689531,0.00027320161,0.012431918,0.0086411955,0.0055702915,0.0070396257,0.011103353,0.009301645,0.0060693277,0.0037490246,0.0017520086,0.0009496681,-0.006810157,-7.3437375e-05,0.0037125247,0.002067077,-0.0047434103,0.008557744,-0.007959419,0.004034532,0.005502128,-0.00020480959,0.0028286397,0.0018199789,0.0018151467,-0.004371684,-0.00085557596,0.0035211542,-0.0055844826,-0.0040720706,0.0024423494,-0.0014013947,-0.00089474005,-0.0011792962,-0.0021484904,-0.002158636,-0.0012148104,0.0010984244,0.0013363154,0.0010333899,-0.0006803715,-8.3960476e-05,-0.0019044558,0.0018049733,0.0011454063,-0.0013137385,-0.0027623854,-0.0014995179,0.00022987735,-0.0013977594,4.8799622e-05,-0.0013896773,0.000985012,-0.0013689963,-0.0024763849,-0.0007996368,0.002772095,Sarang
-362.40884,174.49776,-41.041946,-14.663691,3.9899251,-3.1636584,-13.085376,-6.821824,-7.380382,10.198217,8.305875,-3.3852222,4.355107,3.4683316,2.8444238,5.529857,-4.00863,9.293327,-3.2912927,-6.98719,1.3895527,-1.3340869,-8.715979,0.0016706762,-0.98289347,-3.0741174,1.5709593,-1.8214138,-4.1980166,0.5340487,-0.10168323,-0.5794139,-1.6823238,-2.600663,-2.539971,-0.39158043,-4.693017,-0.23319869,-0.74215865,-0.88660246,0.26322296,0.133966,-0.013826643,-0.008758283,-0.0013563156,0.013439991,-0.009336901,-0.009722087,-0.015846346,0.005849059,0.01863056,0.0017777256,7.230131e-05,-0.003722041,0.0021584781,0.0042314227,-0.0067471047,0.0018402201,-0.012337038,-0.0046455194,-0.003348308,-0.01077848,-0.0051157665,-0.0041443645,-0.014284799,-0.013168881,-0.0039239977,-0.001201984,-0.013026118,-0.0038781704,-0.0025221393,-0.0038142833,0.0010774992,-0.003638516,-0.0038789478,-0.0009308144,-0.0024315983,0.0033597655,-0.0026061942,-0.008266933,5.9375627e-05,-0.008084554,0.00495315,0.00060040795,-0.0017436784,-0.00049011555,0.0023443191,-0.0059100594,-0.0043360144,0.0012872313,-0.0023555518,0.0006459329,-0.00034447142,0.0004049278,0.0011076629,0.0014494897,0.00086815655,-0.0016803048,0.00097505766,-0.0052252794,-0.0029328489,0.0027548375,3.7754453e-05,0.0002802436,0.0011110002,0.0033111316,-0.0011300567,0.0018961716,0.003072878,0.0011953313,-0.00028258745,0.0017454446,0.0014815294,0.0034440472,0.0012037815,0.00039566337,-0.0016752715,-0.00031059515,0.0008555298,0.0013707118,Sarang
-319.08365,141.4427,-39.026875,10.214053,8.426138,-3.3719604,-6.691269,-0.84017724,-10.859034,9.661163,1.030311,-2.5897434,4.3046374,8.861026,6.931564,0.9033931,1.6759696,0.532896,-10.477542,2.9794445,-6.88372,-6.891787,-4.034829,-2.9486263,-8.418186,2.6970108,2.7755072,11.12481,5.9959636,6.3017936,-4.150811,1.3097452,-3.1118412,4.1521597,0.7876824,1.6484709,0.44371018,-2.727366,-5.082602,0.73712224,0.3452823,0.12999128,-0.022129541,0.0025177943,0.012432371,-0.0014448697,0.0008277505,-0.009916948,-0.0062188758,0.011297866,0.00704051,-0.0024024954,-0.001967829,0.014618148,0.0052886046,-0.00012807587,-0.012852398,-0.004977073,-0.006341531,0.0022414,-0.0019428253,-0.009294689,-0.0025336822,-0.0105063785,-0.01875589,-0.0017423863,0.0066854763,0.022841768,0.010465205,0.013563218,-0.0035966963,-0.007829146,-0.01136412,0.002618648,0.006862039,0.0048263385,0.0051331483,-0.010153189,-0.017060945,-0.0056191664,-0.010860652,-0.0012377398,0.0035663208,-0.004129581,-0.003223731,0.00065200165,-0.0013044254,0.00014245459,-0.0024897903,-0.0011407315,0.00196028,5.64901e-06,0.0011014096,0.0027039426,0.0027942332,-9.089703e-05,0.0008505327,-3.6724014e-06,-0.00042251937,-0.0010718938,-0.00011814968,-0.0012146704,-0.00046630268,-0.00087802764,-0.0009958531,0.0018364427,0.0016832058,-0.0021027257,-0.0030920305,-7.985447e-05,0.001311188,-0.0027967377,0.0013608687,-0.0035272173,-0.004280852,-0.0031375492,-0.0015759491,0.0034350043,-0.0005366884,0.0019332126,Sarang
-333.00314,173.13202,-22.755919,-22.237097,-13.599399,5.9488673,-21.833357,-12.671225,-13.61217,-0.41428068,7.3150296,1.285489,-2.6732302,6.590717,-3.6712713,7.5889955,-6.1257086,-2.695372,1.2439291,-5.572922,-4.266297,4.07144,0.6449083,-7.583061,-2.6379802,-3.0952187,-4.2193513,-2.2809198,-1.3619629,-4.0941215,-0.7670684,-4.10371,2.2049983,2.4185998,5.020148,2.1419044,4.0730643,-0.15411967,-2.0690675,-0.4384466,0.21254306,0.109774135,0.003254516,-0.00577497,-0.0020042625,-0.0010255858,-0.01634383,-0.008984524,-0.013881103,0.0024103406,0.0025343923,-0.0019192403,-0.0028715038,0.0038730772,0.0025962847,0.001658072,-0.0035865812,-0.0028191898,-0.006990856,0.0005999052,-0.0030030103,7.552748e-06,-0.00021341634,-0.0024464948,-0.0051959986,-0.0067065232,-0.0015391958,0.0028997194,0.0050688996,0.000256457,-0.0044730827,-0.0022332515,-0.004913635,-0.009895713,-0.006220157,0.0005169335,0.00027686908,-0.005531053,3.7582296e-05,-0.0026042422,0.0033285783,-0.006200028,0.0041562743,0.0019238297,-0.0050481604,-0.0025784348,0.007110478,0.001062308,0.0055470066,0.0021990752,-0.0011946231,-0.0049177147,-0.005868966,-0.001633696,0.00070411654,0.00034200706,0.00090812857,8.7896246e-05,-0.0016429172,-0.0031750267,0.00094972114,-0.00063730456,-0.0022511615,0.00046867412,-0.0020164002,-0.00090486556,-0.0012331048,0.00012231467,-0.0008578623,0.00051342155,3.734057e-05,-0.0011057123,-0.00077798765,0.0034268273,0.003915727,0.0024974698,0.0005810079,0.00025077793,-0.0009551418,-0.00043222788,Sarang
-319.20325,167.5868,-33.24319,4.7039943,5.2489395,7.654512,-17.50269,-9.740733,-19.199032,-3.8936365,-4.991881,-1.3695251,6.881865,8.960662,3.6259465,12.200407,-2.0531008,5.108164,10.514827,3.5083473,0.45523196,4.4220057,-3.7986083,-5.7594976,-5.6462097,-6.6643524,-8.205364,3.923993,-0.29187542,-4.4310555,-2.7162845,1.6986744,5.347314,2.5733037,-3.620901,1.3974307,3.9315486,-5.879991,-6.2173595,-2.6044104,0.31756756,0.1332708,-0.026516315,-0.0050942614,-0.007322736,0.009977465,-0.0046853675,-0.010384112,-0.017033476,-0.0080361925,-0.0034995717,-0.0069394535,0.0013216282,0.005644612,0.006194284,0.010965199,-0.010791773,0.003392709,0.01359509,0.011897135,0.017785074,0.004500577,-0.009512698,-0.0012042077,-0.006970918,-0.005786775,-0.007691767,-0.005370001,-0.007966364,-0.004145106,-0.0028095928,0.0041930065,0.011569603,0.0053068018,-0.0059182122,-0.00025107153,0.007069313,-0.0012246348,-0.0035801777,-0.004078519,0.0010134896,-0.0057852217,0.0010640385,-0.007726357,0.000573156,-0.0018166833,0.003608715,-0.0012280742,-6.6908004e-05,-0.0016342755,-0.004855789,-0.0033273462,-0.0008855819,-0.00071835413,0.0028309107,0.0015520238,0.0031959491,0.0028984342,-0.00079647085,-0.0025242711,-0.0030028322,-0.00013995836,0.0009789976,0.0017118343,0.0023876554,-0.0021732785,0.0004351402,0.0012787543,-0.00090924493,-0.004099351,0.00029386848,0.0015225993,0.0015559696,-0.0011291828,0.0006177037,0.0007401372,-0.0012674133,-0.0001905922,-0.0020674455,-6.539928e-05,Sarang
-387.9739,53.30085,-3.9112356,21.934744,-11.014997,12.786214,1.7338233,-3.4959404,6.5831666,3.4512668,-8.654529,-8.57564,-0.36801252,10.8214035,2.4047048,11.189545,1.3162603,0.0039771614,-2.491862,4.473374,5.8327265,12.745196,-0.11107934,-1.1604981,0.9413753,-0.25211194,6.990101,10.3747015,6.4651313,14.323463,0.7072256,3.5435796,-6.1216,-2.9341137,-1.3271942,-2.9204717,0.3077957,-0.6364582,-4.718627,-0.15614703,-0.14776452,-0.02281739,0.007997383,-0.032001797,0.02034044,-0.008174918,0.007401241,0.0034463182,-0.009063784,0.013760207,0.0064636464,0.005581723,-0.015757231,0.005159809,0.002610188,-0.0012904077,-0.017833544,0.0021205752,-0.013654681,0.011122953,0.013714139,0.024873387,-0.007382447,-0.009213337,-0.0033643963,0.0024878592,0.016676124,-0.0020441932,-0.0041255243,-0.0070197466,-0.0038330685,-0.0027113964,0.018818561,0.00091901026,0.010315965,-0.006266782,-0.0023460714,0.0030328834,0.012596636,-0.0037953139,-0.068286665,0.021060633,0.0058748666,-0.014257231,0.0049295,-0.014014481,0.006629493,0.015849626,-0.00807985,0.00023440944,0.011490639,0.004134745,0.0027065126,0.0019127224,-0.0024622886,-0.012324558,0.00845446,-0.0071979547,0.0042990567,-0.013288435,-0.011413552,-0.0030115424,0.0036693846,-0.009886278,-0.0032550085,-0.0039855763,-0.0009782916,-0.0047609922,-0.011395914,-0.0077227545,-0.007771013,-0.0037510882,-0.0053379056,0.005788339,0.002424656,0.00041339544,-0.002605147,-0.0017798209,-0.0048637437,0.0019617502,Sarang
-386.0746,61.28237,-4.576494,20.497345,-7.9816203,7.630399,-0.8362437,-2.053821,1.9116096,7.442465,-1.4983453,-11.625477,-10.212595,10.352203,-2.0472012,9.67311,6.4038887,7.333912,1.4057255,-0.03959764,-5.038401,3.8505812,9.037053,4.635178,-0.9720452,2.731741,-5.8637795,3.9256127,0.58282685,3.9252732,13.885433,9.834624,9.115453,4.7322807,-2.0650923,0.4199181,-6.756691,-1.9328635,-2.3203654,2.4474003,-0.12697865,-0.024668835,0.00082921056,-0.024910258,0.0066529983,-0.0032122904,0.012564825,0.017433949,-0.005151961,-0.0044427305,0.0019942683,0.009011315,-0.017689629,-0.00054986554,0.0029349113,0.0022533494,-0.012626051,-0.009522506,-0.0054567675,-0.004784033,0.016284488,-0.00025598772,0.0039294935,-0.0070659667,0.00333926,-0.017092695,-0.009132388,0.013074961,0.02415489,-0.003320451,-0.0045537963,-0.0028445998,0.0021225207,-0.0022556658,-0.00826803,-0.0026046475,-0.007459642,0.012334832,0.0028943915,0.0053996686,-0.0055402694,0.010325991,0.0026816512,0.011496274,0.005116989,-0.0003767175,0.001183663,0.0014657316,0.0014319174,0.001267682,0.0027335722,-0.005741543,-0.004065495,-0.007672088,0.0031617924,-0.002003752,0.0010760827,-0.008776527,-0.003169376,0.0011693531,-0.0033705903,-0.003806308,-0.013130953,-0.002548687,-0.0009817154,0.00021098237,-0.00093741494,0.0006435427,0.0015280666,0.0013356775,0.0061813854,0.0066332677,-0.0022456553,-0.004642693,0.0069147157,-0.0023792314,0.0023815508,-0.0025004218,-0.0024492966,-0.0042521334,Sarang
-380.1764,61.7127,-8.483821,27.163279,-14.559636,7.6974287,4.260164,1.0913899,-2.265771,12.060395,1.0338031,-1.4439346,-15.002449,4.106496,-3.413351,4.9693327,4.7312393,12.384323,2.0808692,4.3761873,-3.326775,-0.38312984,2.8248968,9.4641485,1.802002,8.804417,2.1306057,-1.8677812,4.527862,-3.399545,-0.103838496,10.5579,7.4042435,16.905901,6.0596805,4.462434,2.4834712,-2.9846346,-2.898714,-3.0706449,-0.13780138,0.021306606,0.038630087,0.00013918562,-0.023545163,-0.021547405,0.0042286934,0.00030410252,0.0010113824,-0.031068949,-0.022254141,-0.017935893,0.0150433695,-0.0073018605,-0.005944234,-0.007881567,-0.009740211,-0.0030732513,0.018603148,-0.003893791,-0.0037960124,-0.013092352,2.8809784e-05,-0.007238657,0.00046999403,0.0024027869,0.01010742,0.0021681366,0.0038414735,-0.009722519,-0.00607792,-0.010250783,0.010529538,-0.002648497,-0.0109705245,0.012498502,-0.0020887456,0.004831005,0.00053030794,-0.009337433,0.0015202644,0.0025992512,0.0102321515,0.001613744,0.0027854494,-0.0055062994,0.0020033522,-0.0021967622,-0.0019947814,-0.0048132944,-0.0073908377,0.002585085,0.00022247144,0.0035476498,6.82987e-05,-0.0052061607,-0.0029021143,-0.0023432872,-0.0016987592,0.0019693656,-0.0027992097,-0.0029790304,-0.004825645,-0.003035213,-0.014384367,-0.007511671,3.0038873e-05,0.0028509235,0.008097609,0.0016329665,-0.009035172,0.003907335,0.0042736186,0.008665923,0.010556312,0.0071854964,0.0006925002,0.0023482698,-0.0016591268,-0.0044315485,Sarang
-391.10928,56.446312,-6.762719,23.055923,-11.096137,7.829775,6.443813,-1.0993899,3.3438585,7.8261104,-6.474757,-7.6092873,-6.283139,5.808243,-0.019802153,10.543858,7.074171,6.859408,-1.5085261,1.680717,-0.17938292,8.496554,9.007851,3.341084,0.04748766,1.3236638,-4.591285,7.523197,1.5085859,7.308684,11.978437,8.265131,5.786278,-0.87993634,-4.6581335,-0.65518904,-5.817274,1.2821268,0.4995557,-2.4841034,-0.19073062,-0.00923087,0.027167331,-0.0023580755,-0.0017433467,-0.016798196,0.01038045,0.00050053914,0.0015293778,0.0065548294,-0.018841412,-0.008770487,0.012222471,0.0028847377,0.0006080005,-0.0028331385,0.0014922476,-0.0051141246,0.011991543,-0.005304335,-0.012109512,-0.0035073329,0.008198491,-0.0043389113,-0.002690231,0.014626476,0.0065879957,-0.009392301,0.001963234,0.014212049,-0.00037016103,-0.0050745537,0.002969171,-0.0023711773,0.010348154,-0.0003061212,0.0071675903,0.013503877,0.0055516195,-0.00023319443,0.013737432,-0.0050842003,-0.009430789,0.002937409,0.010316672,0.004485995,-0.0064692046,0.005744089,0.0015904629,0.0046040104,0.004841284,-0.008456416,-0.019360464,-0.00687653,0.001057371,0.0030717985,0.01222374,0.0066376426,-0.0015354224,-0.0017726098,-0.0047070603,-0.0018429083,0.0008826346,-0.008887237,0.002086384,0.00443289,-0.0005404423,0.001291286,0.0016880818,-0.0067900997,-0.0034421182,0.00953887,0.0016206409,0.0035688975,-0.005674874,-0.006669903,0.0040029064,-0.00086241413,-0.003819,-0.0009886384,Sarang
-393.11435,67.38468,-14.189551,32.82627,-14.494773,9.51735,0.92385274,4.777155,-8.88464,13.08888,1.4475259,8.858193,-15.898634,-2.041198,-3.5868208,4.1692243,2.434068,10.44812,6.087438,5.8736634,5.4127264,0.27424398,-1.9361691,5.1259823,4.600018,2.858701,8.701361,-2.9068587,-0.13857113,1.9820352,-1.941273,1.5708779,5.578823,3.182648,14.32444,6.6019726,9.350954,5.016884,2.7561233,-4.1340556,-0.093408994,-0.030367777,0.003639043,0.00061345944,0.0059635374,0.00020344827,0.016476179,0.00074624544,0.008038984,0.0035642276,-0.016652578,-0.014862639,0.00511876,-0.011969257,0.0016820387,-0.0016563367,0.0030967288,0.001396445,-0.00028568142,-0.014470101,-0.0020464582,0.008533907,-0.0012612485,0.012289158,-0.009817726,0.005140875,0.00038222107,0.0069570285,0.014700994,0.004609255,0.0057785017,0.008284225,0.0025706508,-0.015000539,0.00033751977,0.0068173,-0.003932633,0.0025473868,0.009491363,0.0087169465,-0.032731432,0.0070562186,0.016062656,0.017445007,-0.0016984476,-0.014807136,0.0019815895,0.0045279646,0.0070072454,-0.0059590507,-0.00057030463,-0.00405464,-0.0018899962,-0.0074618743,-0.0062209098,0.009730191,0.005337178,-0.002389074,0.0008510882,0.0003635671,0.008712015,-0.0051221475,-0.00148338,-0.005512786,0.0071369223,0.002892769,0.0008063681,-0.0026400525,-0.00013467109,0.005612444,-0.0015859837,0.0045297276,0.004697712,0.008897992,-0.0068614013,-0.00043721785,-0.0039727315,-0.0019053518,0.0067526237,0.0031796123,Sarang
-315.88055,195.13959,0.96793413,18.753286,15.436958,2.4500248,4.5744686,-5.4319425,-14.300709,-3.0333707,2.9390996,-3.1265974,-5.0179596,-2.7672632,5.754123,12.466711,10.058728,-1.1973723,-13.66067,-12.328528,0.78309137,1.4935544,-9.337821,-9.095566,-5.708851,-3.1336756,-3.1786878,-2.7136657,5.8371606,4.1443415,-10.397098,-10.354489,1.2297267,-3.7960463,-13.308986,-2.4672678,1.4712387,-8.511642,1.3476398,8.585865,-0.021028081,-0.10520708,-0.04077423,0.022596011,0.0012437184,-0.00014665752,-0.025680374,-0.005347872,0.0012331916,-0.004989198,-0.023507558,-0.019267963,-0.0011926685,0.006660648,-0.008738898,-0.010769339,0.015084441,-0.01920779,-0.020788144,0.016431522,0.026918557,0.033105522,0.026906315,0.006177276,-0.030878125,-0.011320518,0.01615608,-0.011075001,-0.019634033,-0.024523858,-0.020789549,0.02846698,0.042596485,-0.017322458,-0.034645908,0.018963883,0.013770821,-0.030967401,-0.01721259,0.02653442,0.035318367,-0.02021897,-0.013101417,0.0037144898,-0.00254917,-0.008427446,-0.014637664,-0.009940213,0.0050661718,0.00014190505,-0.0045625116,0.006221082,0.0012421454,0.007915587,0.0029148464,-0.0006897199,-0.009922797,0.009132528,0.0116064735,-0.007569642,-0.011405934,0.00072614383,0.008762156,0.012328806,0.008295549,0.011840139,-0.0035020362,-0.0072562206,-0.002338313,0.0040039513,0.0064399233,-0.0046010846,-0.00089434866,0.003095632,0.0011732811,-0.0014365467,-0.0065345946,0.0019244285,0.0015621705,0.0052653723,Yaman
-324.53308,165.97147,-3.8953092,14.840038,1.908833,-5.0717196,-12.027018,-10.038347,-20.022387,-9.934107,2.7665725,1.7735596,2.3493516,-4.2122316,-7.5524726,-3.853084,-0.38255277,1.8943893,-4.7172084,-4.3709946,-3.2378721,0.51434916,1.2003733,-5.7783623,-3.44488,-1.354519,-4.8539653,-9.351124,1.1137155,9.794591,-3.3416984,-9.091286,-3.0376177,-0.6436646,-1.7761443,-4.6752396,-3.9022908,0.13844107,-6.06749,-11.204477,-0.17769533,-0.021649284,0.059409752,-0.049662244,0.0018734877,0.009581467,-0.0029932545,-0.0061149057,0.0075307386,0.016958635,0.011033884,0.014774212,-0.0024081932,-0.012991039,-0.029678956,-0.04663059,-0.042568203,-0.023196822,0.0035880806,0.0031683156,0.0025679755,-0.0079931775,0.015396707,0.04061701,0.018768674,-0.0017694589,-0.011433957,0.013414907,0.025797652,-0.019762617,-0.034155764,-0.0137210265,0.0028933797,-0.00682991,-0.018848488,0.011886002,0.014797699,-0.00046507982,0.015098993,0.010722324,0.040162977,-0.016557606,-0.006734138,0.0051828967,-0.007979827,0.005158997,-0.0013260695,-0.0009753441,-0.0062313783,0.009020823,0.0006111299,0.0020798186,0.004309531,0.0018840706,-0.00037626168,-0.0040179365,-0.0064566354,0.0022304393,0.0035885272,0.0011801174,0.0007666738,-0.004359619,-0.0022052012,0.003211111,-0.00063571706,-0.00071913755,0.0027592792,0.008359317,0.0017874942,-0.0037601858,0.0033239329,0.008179704,-0.0017673391,-0.0046196105,-0.0021964482,0.0010114408,-0.001984502,-0.011344711,-0.0041417787,0.007010479,Yaman
-343.7343,184.77974,-7.50917,10.860285,7.7690134,-13.949875,-11.516535,-5.957854,-8.474397,-9.445928,1.0113076,0.5494205,-0.73053646,2.468426,-5.193546,-5.6421857,0.70802194,-2.5635655,-6.9498653,-1.6166852,5.617842,3.380205,1.090534,4.067633,-4.9296074,-8.992789,-6.8579416,-9.141236,0.36338434,4.8929977,-6.759669,-6.072024,3.4149747,5.7222505,-0.45787314,-5.411286,-0.90266675,-0.8709472,-6.551845,-8.51487,0.0042908667,-0.019912895,-0.026390245,-0.018155778,-0.018930491,-0.0058456683,0.011406031,0.031472467,0.033075273,0.014392109,-0.015340418,-0.022023289,0.0056622704,0.024980778,0.01904667,0.0208689,0.018819511,0.002384038,-0.013049329,-0.003789896,0.012925418,-0.010292517,-0.011864747,-0.0022061698,-0.0053861747,0.0029752844,0.011918151,0.008412744,0.0011256988,0.016542295,0.007685466,-0.0033978734,-0.007043328,-0.00740454,-0.0024169318,-0.00029702025,-0.007481578,-0.012296095,-0.012007458,0.0072567235,0.061357282,-0.020540768,-0.012178538,0.008562577,-0.015594281,0.006423827,0.0049166107,0.007336927,0.0010944261,0.0027116914,-0.007718617,-0.004134993,0.0038804335,0.0040346496,0.00076817395,0.0013092796,0.00022957855,0.0034941311,0.0037367283,0.00033644302,0.000606245,-0.00042178395,-0.003131024,-0.0034166698,-0.0023544927,0.007158038,0.004099436,-0.00035355912,-0.009362881,-0.005986034,0.006337546,0.007547832,-0.0016167401,-0.0012636526,-0.006296565,-0.007455569,-0.0074640927,-0.0019366312,0.004547678,0.002250516,Yaman
-323.769,166.61182,-13.328211,17.670649,-1.4819168,-7.1197834,-11.968211,-3.256687,-11.584551,-6.125178,5.9630227,4.3416457,1.0845596,-2.607471,-7.549089,-11.590401,-2.732478,11.049503,-5.596567,-15.531706,-4.7325597,12.225705,12.86682,4.3986044,4.887043,-9.42449,-15.011351,-12.877754,1.8879268,11.351046,0.031066451,-9.170069,-8.397998,-3.6876929,4.4867225,-0.9199405,-15.313897,-6.944433,2.1237986,-2.2076159,-0.063007094,-0.07677313,-0.0031483124,0.023144757,0.0034830838,0.023393707,-0.03134856,-0.03888726,-0.0485476,-0.014829388,0.03545857,0.025185913,0.017909234,-0.018571856,-0.025535228,-0.021279396,-0.0009008653,0.008569088,0.001953871,0.01752735,0.01301927,0.023930736,0.026433976,0.025830144,0.0074394876,-0.003265812,0.010111472,-0.009497143,-0.0030215885,-0.014377329,-0.009776217,0.00057336583,0.00080243795,0.023779515,-0.0023761792,-0.03349999,-0.0037914251,0.016337477,0.018046817,-0.005174224,0.019942222,-0.025273291,0.012235342,0.00032589486,-0.010845819,-0.0004659538,-0.0057886173,-0.00056439475,0.0039695385,0.012435521,-0.003342241,-0.0025828008,-0.008686536,-0.0018881311,-0.006185906,-0.0036813873,-0.0007041504,-0.005070617,-0.0008675662,-0.00028164758,-0.0024710211,0.0036611343,0.004966781,0.002845176,0.0022011783,0.0022988466,-0.005687724,-0.002875494,0.00060043426,-0.006818527,-0.0049891225,0.0035472296,-0.008728872,0.0070954696,-0.0008632626,-0.0012016612,0.007000878,-0.0041039437,-0.006792035,0.0012577093,Yaman
-305.42572,146.24799,-21.728004,12.639664,-15.244946,-7.1682353,-7.321268,3.2354665,-9.98472,0.019740364,13.766083,7.495102,-3.695625,-9.47322,-8.215326,-2.4364486,-0.7276721,0.37785444,-5.858057,0.81570834,6.6353416,6.2440743,-8.951064,-7.7189646,0.11194684,-2.193402,-4.684748,4.0108733,-1.0969229,-4.448974,4.112933,8.348201,-1.6597444,-6.634759,-1.471196,-5.467826,3.8096664,-0.99641997,-10.151128,1.3314762,-0.012028435,0.0031091576,-0.021919433,-0.030980919,0.00040286308,0.042915057,0.0474794,0.029680582,-0.01285747,-0.067107216,-0.037049074,0.012292281,0.026491871,0.008149722,0.000937226,0.022181321,-0.0021480024,-0.0015864689,0.040543742,-0.019658234,-0.05787276,-0.029376017,0.009425842,0.016095337,0.02315052,-0.0019265253,0.008132902,-0.011630018,-0.008185007,0.018823225,-0.015153962,-0.0438309,-0.001533178,0.0047239135,0.013154193,0.017777449,-0.00068868865,0.01193855,-0.0069151404,-0.019389581,-0.05590111,-0.03844625,0.015575299,0.0028765074,0.010296566,-0.005569312,0.0036951245,-0.0014977618,0.008752921,0.017134212,0.008326413,0.008257846,0.00040456568,0.011344425,0.007196868,-0.0040071495,-0.0045647784,-0.004174221,-0.014932112,0.00080650544,0.02014848,0.012523708,0.0035505316,0.0013411584,-0.0015219876,0.0004880372,0.001701413,-0.0011878125,-0.0027804028,-0.004541047,0.010667738,0.004359546,-0.009615958,0.00802927,-0.0019659828,-0.010553745,-0.0012107745,-0.0012652598,-0.0055824015,2.4661007e-05,Yaman
-403.32263,176.3685,26.7943,-0.11936344,8.3118725,3.2461197,0.40901953,0.53426194,-9.068078,-12.949955,-1.6103972,6.963745,-0.054588713,-10.655345,-10.381263,-4.815203,-2.6008618,2.2629805,0.4589118,-8.549638,-7.8528996,2.5787709,5.0909653,2.7150717,-0.42758444,-8.547867,-9.758006,-0.20750734,-0.64669925,-5.5589657,0.5987561,7.0293326,5.3220305,4.010797,-0.81177753,-9.686026,-7.121368,6.150534,2.330081,-9.710094,-0.40379974,-0.27761388,0.044163007,0.050699916,0.016988084,-0.028606877,-0.053078003,-0.04169331,-0.009058029,0.023068232,-0.00941296,-0.055064395,-0.040090498,0.013376932,0.018060338,-0.005730809,0.008775888,0.011987787,-0.004065194,0.0014217414,0.02147267,0.017661134,0.0006215611,0.0180801,0.0088643,-0.0037390238,0.02090437,0.0072294828,0.022065543,0.03074541,-0.027906632,-0.034831703,0.005269729,0.01719056,-0.011503407,0.0058582523,0.026759183,-0.033034086,-0.022092799,0.028766863,-0.08843107,-0.027436795,0.02570682,-0.010724866,-0.009227669,-0.0036290248,0.012649869,0.020267915,0.012962252,-0.0053701214,0.0006137336,0.012577777,0.018077675,0.004811231,-0.013450336,-0.0028827628,-0.008052149,-0.011426442,0.012126998,0.023169294,-0.0029454587,-0.008757909,0.0010005698,-0.016223084,0.0011076967,-0.0051250127,-0.009507018,0.0024961662,-0.01794951,0.0015358842,0.011146228,0.00047191346,-0.009561243,-0.0017563455,0.0031071133,-0.009240474,0.009343188,0.011226588,0.004578078,0.001429899,Yaman
-333.09967,135.1711,-86.582695,-7.6578784,-49.73703,-38.12423,-25.996475,-17.7072,-23.438251,-12.993389,-14.434971,-2.9026127,-7.1850843,-5.480938,-13.660153,-7.0360885,1.8707553,-7.9624777,-13.288951,-7.034695,0.1630187,5.6385136,2.173572,4.1133757,-1.0316166,-11.272088,-11.597547,-0.064548336,3.7901773,-2.8747385,-9.9830065,-4.593566,-0.11638817,-2.1832767,-3.0564187,-3.2938871,-5.2684836,-1.0855894,1.443855,-7.719543,-0.047718536,0.0030719496,-0.0202485,0.022203207,-0.013299252,0.0031235837,0.037003446,0.012713083,0.013147113,-0.011140946,-0.029313236,0.0042631202,0.050303113,0.03804966,-0.0138713885,-0.058229078,-0.018990854,-0.0048612696,0.017653508,-0.0035538308,-0.05195693,-0.030702412,-0.027634542,0.0028742945,0.02729389,-0.0057758368,0.0048541273,-0.022469241,-0.03492136,0.0024933456,-0.03441431,-0.021366999,0.0012392552,-0.021749444,-0.0009640529,0.046086326,0.030870983,-0.010010158,0.013068967,0.026569942,0.052126974,-0.011829041,0.05809887,-0.0015693672,0.019811323,0.019705553,0.022324242,0.028179213,0.013874494,0.020024367,0.004375753,0.015758837,0.009700461,0.011448292,0.0072387373,0.0003298639,-0.0025543298,0.007845797,-0.010141822,0.0058549508,0.0013797757,-0.0010156691,0.0063667786,0.0055846255,0.0013717392,0.003567635,0.011333101,0.0037244884,-0.008662552,0.0042138626,-0.0024759632,-0.00010722491,0.0017916792,0.0015423794,-0.000852283,0.0006352344,0.0031602348,-0.008145522,-0.007837256,0.0019627907,Yaman
-351.40033,193.65366,-69.33149,-16.163313,-23.63171,-41.01554,-27.632103,-14.5776825,-16.003126,-10.7477255,-13.392733,-15.462526,-13.268787,-11.342954,-10.538893,-7.8780246,-6.844298,-6.2882733,-2.6796827,-6.5579414,-12.29484,-5.4161773,-2.037151,-7.177148,-5.4839373,-1.8509052,-0.6694901,-4.580211,-9.142547,-5.788379,3.0857518,0.8409648,-7.19986,-5.094264,-3.8642628,-3.1422303,-0.21059623,-2.1967287,-4.303416,-3.3748698,-0.16844665,0.0043259845,0.061531745,-0.032103654,0.015692297,-0.010724086,0.03074553,-0.017345607,-0.0031546985,0.00871302,-0.026916591,-0.0016600119,0.03143712,-0.003845162,0.0040246844,-0.025263771,-0.030471645,0.01531512,-0.011474874,-0.0023613176,-0.009933154,-0.004004503,0.0069116885,0.007903314,0.02124071,-0.0010075336,0.0023886496,0.006189823,0.0076764976,-0.010780352,-0.0060505117,0.0007111289,-0.005380678,-0.005316604,-0.008874942,0.011634413,0.0050581596,-0.0021824609,0.0049307104,0.00527327,0.029493997,-0.006608794,0.014708756,-0.0010856392,0.011815983,0.0067831376,0.011720599,0.004134555,0.0024639927,0.009115594,0.0052207727,0.009202558,0.0041600354,0.011527007,0.0036868795,0.011651718,-7.372488e-05,0.001970526,0.009625285,0.0036937816,0.004474297,0.00826156,0.00421639,0.0011142861,0.00042796443,0.0113189975,0.0010556732,0.0030388755,0.0066014593,0.0011849443,-0.004511538,-0.0013240837,-0.0019357409,-0.0015797922,0.0009822071,0.00572291,0.0014686187,0.003885235,0.0073132245,0.00057408627,Yaman
-329.6702,141.94296,-76.927826,0.6128464,-44.184105,-36.227512,-23.511475,-9.364515,-11.857449,-14.942494,-17.608356,-12.847019,-10.665453,-6.896088,-12.875119,-5.1255517,-0.8232774,-6.8253326,-7.583207,-9.866325,-10.09697,-3.9694703,-6.297665,2.072145,-2.7925806,-10.287589,-11.131643,-11.050112,-1.0129206,1.9650443,-8.190372,-8.138731,-0.32415935,-5.095284,-1.4515665,-1.894757,-6.5169034,-3.2840483,-6.059373,-2.1620502,-0.10749446,-0.026636217,0.011940632,-0.020994073,0.015095638,-0.015603126,0.023121562,-0.008887191,0.0004005046,-0.002139771,-0.011209801,0.007149073,-0.005199079,-0.005784116,-0.00062239036,0.0024042209,-0.001078052,-0.0059439526,0.00045428996,-0.0007644397,-0.00836294,0.008276135,0.0073750583,0.012972772,0.00062915223,-0.00818809,-0.0031797243,0.008364665,0.0042181476,0.008135048,0.011429959,0.0055499496,-0.006454894,-0.0154285785,-0.0038484253,0.0017268897,-0.0031885826,0.0070667267,0.018461814,0.007909868,-0.01840027,0.021340901,0.019296132,0.0048707146,0.021839874,0.012552864,0.012269723,0.001046473,0.007605395,0.002976595,-0.0007537641,0.007828777,0.012349781,0.008374166,0.011740881,0.012242889,0.011517165,0.0025021844,0.0011180666,0.0038268482,0.00078040303,0.0072694053,0.0037280058,0.0027942571,0.003373624,0.007832411,0.010287009,0.0014356965,-0.0021339734,-0.0046625654,0.0024250983,-0.0011246564,-0.004863682,0.00229391,0.0014609845,-0.0012549466,0.0027727264,0.0010485436,-8.2909064e-05,0.0036527691,Yaman
-329.45203,155.73831,-74.06517,-1.2659243,-41.67322,-38.68911,-29.127287,-19.413525,-26.427078,-19.092018,-22.509153,-11.504565,-10.589837,-13.483557,-5.8325667,-13.38547,-3.348281,4.108035,-4.2185383,-11.075641,-14.04078,-4.77716,1.8837893,3.5618565,6.2696605,5.172483,0.72898746,-11.3197975,-7.5129566,-1.0790852,-0.9258815,-3.5475569,-5.479106,-9.108031,-4.1128697,3.1607296,-0.66787344,-7.371681,-8.557109,3.88038,-0.10823683,-0.02267516,0.0067122323,-0.011545167,0.004473178,-0.0069266986,0.0076431055,-0.017976422,0.017277397,-0.018661499,-0.0006515494,-0.0016410042,0.007582645,0.008410764,0.018792352,0.02144804,0.013952237,0.007862472,0.0011004055,0.010762326,-0.018562268,0.011595293,0.0030895525,0.02376722,0.020401755,0.024627998,-0.007438463,-0.015471452,-0.004565871,-0.018231476,0.014284689,0.009383344,0.012593193,-0.0030687011,0.00032614448,0.0006888505,-0.0012152361,0.0071529015,0.0067371423,0.009011945,0.0019732402,0.0034050262,0.01755357,0.002257649,0.013368497,0.010079856,0.0070495047,0.0013216579,0.0019804095,0.018720165,0.013188028,0.0054217316,-0.0010907305,0.009152577,0.0024683035,0.0063084997,0.0080683995,-0.0008731078,0.0040042405,0.0043290965,0.009397624,-0.004150374,-0.0016522871,0.006510397,0.00017238865,0.010694595,-0.0062276875,-0.012359796,0.008046217,0.004495036,-0.0017709873,-0.0014146334,0.0056961915,0.003217723,0.0009016125,0.017238898,0.003302722,-0.013837588,-0.0028611065,0.0081146695,Yaman
-381.4647,158.90933,15.477136,12.522802,14.13507,-2.5289173,-7.7190814,-6.727907,-4.891624,-0.8092869,-3.16898,-9.40376,-9.242377,-4.0130577,0.33888575,-0.6351455,-0.7671933,-1.3068686,-3.744242,-7.4153466,-11.6375885,-10.514781,-7.585238,-8.160841,-10.171985,-10.189757,-7.152942,-5.2745647,-9.135569,-10.586349,0.38395533,12.085185,11.768259,6.599398,1.3477829,-4.5538945,-12.583291,-15.836302,-8.108273,-0.28136024,0.24144332,0.13097234,-0.01539934,0.02915174,0.0021815798,-0.013142403,-0.00627105,-0.007376913,-0.009323523,-0.0058523417,-0.006943226,-0.0012727936,0.0004986393,-0.010878945,-0.002204648,0.0019125326,-0.0040474003,-0.0052554873,-0.0039086165,0.005398881,-0.008215308,-0.0057513514,0.0019546223,-0.001672742,0.0022937718,-0.007010482,-0.009713412,-0.004281122,-0.006010698,-0.0075936913,-0.0025998575,-0.0019291736,-0.0028031399,0.008932764,-0.003193091,-0.012767555,-0.009044025,-0.0056508705,-0.0016684013,-0.0075503504,-0.0028640653,-0.0050109643,0.008460822,6.294749e-05,0.00032233814,-0.0016322766,-0.004842477,0.0015519477,-0.0022835704,0.0012434431,0.0045280466,-0.0016713216,-0.0018227249,0.0013434101,-0.0016498573,0.0026087132,0.001842162,0.0032712475,0.002227559,-0.0018227423,0.0028768291,0.0026037497,-0.0008257139,0.0009906316,-0.00034260386,-0.00090159714,0.00069210224,0.0022281976,0.0016954383,0.001442413,-0.0008221984,0.00081848796,0.0026475028,0.00093596766,-0.0010388503,-0.0007993965,0.0017258393,-0.0006867642,-0.0012894297,0.0033133011,Yaman
-395.96515,173.88214,-2.5333087,10.575667,10.354605,-7.9978113,-9.728484,-10.925932,-7.209074,-8.533199,-7.173497,-1.5321999,-5.79737,-6.5483494,-4.183219,-6.7211623,-6.622922,-5.372301,-5.7903233,-9.16877,-7.050263,2.0172448,2.8365564,-3.280383,-4.03284,-5.343309,-10.047326,-8.211292,-3.3443563,-1.5194051,-4.2251124,-5.9010777,-1.7428794,-1.4789114,-2.1268396,-3.013964,-9.523632,-8.571531,-2.537173,-5.087117,-0.09979019,-0.026632005,0.026983887,-0.027968923,0.005219542,0.0072045485,-0.022007804,-0.021019572,-0.0084299175,-0.0044217748,0.0035352847,0.016366396,0.003450847,0.00092494185,0.011530042,-0.0021769581,0.002076799,0.013962583,-0.00090923917,-0.0006134431,0.01687201,0.018824968,0.006681243,0.0038805427,0.010245632,0.013345243,0.0024680877,-0.004024787,0.005340536,0.0005877534,-0.013734588,-0.018302051,-0.010276813,0.00480878,0.014205634,0.005236933,-0.0015449461,0.002243753,0.003988953,0.010691368,-0.0017375059,0.0036570008,0.0017213935,-0.00073615834,-0.00077030575,-0.003938303,0.002821001,-8.867659e-05,-0.004699237,-0.0005122902,0.0036487908,0.0085938815,0.006241941,0.0014850615,0.00077902037,0.00011200164,0.0032616558,0.00067012483,-0.0010129961,0.0022999165,0.0011515995,0.002344064,0.0013626093,0.0023515865,0.0025291604,0.0044860216,0.0065110545,0.0012134226,0.0017917516,0.00018123446,-0.0007681889,0.0026033248,0.0008940883,-0.0016875134,-6.7748e-05,0.0016463893,0.004385003,0.0030151955,-0.0030598154,-0.00042860853,Yaman
-385.3674,180.11519,-41.024384,-8.635165,-5.697283,5.6806626,-20.879362,-7.1830826,-7.632255,4.7836046,4.827443,4.6734157,4.3727865,16.550472,3.2708857,14.295735,-0.8122384,4.8225436,-1.8694714,4.074761,-2.272176,0.36969048,-7.216976,-7.978738,-2.378559,-3.407307,-14.128403,-1.0986118,5.302326,2.9221182,-4.292364,-1.88156,3.3384843,1.8761506,-2.6127489,-4.9875035,3.9507005,-4.1346383,-2.9575403,-3.994654,0.29791498,0.15347615,-0.02816186,-0.012550115,0.0047292113,0.0064820657,-0.024425523,-0.0038300536,-0.0023982262,0.012049335,0.0066617387,-0.00011895749,0.008790975,0.014289735,0.0035262096,0.015770143,0.0041107843,0.008267468,0.00036857516,-0.008513878,0.0018747465,-0.0056983503,-0.014826459,-0.003912038,0.007281764,0.00020900847,-0.017680498,-0.0029159032,0.0038426456,-0.0018794576,0.0059854123,-0.004433967,0.0020105385,0.0076120724,-0.0006903156,-0.0035789188,-0.002254994,-0.0038497474,0.0025645143,0.015352215,-0.010772276,-0.0020574245,0.0011006771,-0.0015671513,-0.00083974784,-0.002913141,0.00014467003,-0.0021848655,0.0032865133,0.0033295085,-0.00042956893,0.0030278293,-0.00023213554,-0.0018133759,0.0026231767,-0.000108956796,-0.0005107327,-0.0004077364,-0.0008924,-0.00045174515,0.00017484186,-0.00081360305,-0.0010485003,-0.0018363327,-0.000980203,0.0019105906,0.0020040637,-0.0009225633,-0.00068349595,0.004619677,-0.001539471,-0.0018478408,-0.0026573401,-0.0011858126,0.00021524496,-0.0005707178,0.0005648089,0.00015120546,-0.00042342395,-0.0003465759,Yaman
-342.6338,189.28125,-67.32717,-18.618685,4.1724443,-2.2964382,-16.981981,-5.8747168,-6.0911136,9.396562,8.578496,-1.4606273,11.722994,6.4454474,1.5073816,4.751551,-0.95097655,2.9900372,1.0447706,-1.6351528,-3.3991127,0.34232488,-8.349634,-2.2222905,-1.5787449,-4.854918,-0.32894224,-0.5105009,-3.8116772,2.0538595,0.9962286,0.86821336,-3.1453497,-5.403878,-2.3671074,1.507145,-0.69300777,6.3836174,7.3216906,4.2615495,0.25685713,0.14008425,-0.04496266,-0.010247676,0.010819122,-0.0062113362,-0.015597971,-0.008591236,-0.0036012472,0.007396527,-0.0025731998,-0.0015172497,0.004345458,-0.0049334853,-0.004031939,0.0028673045,0.001167766,0.0073057325,0.0046485374,0.0013812446,-0.002340677,0.0011355653,0.0042591896,0.00037895123,-0.005575959,-0.0043950337,-0.0014173108,-0.0035103355,0.0011187834,0.0017241198,-0.0013222108,-0.0058792992,-0.005483492,-0.00043997756,-0.0049570524,-0.004284319,-0.005270333,0.00039431042,0.006146479,0.006302834,-0.0086739715,0.0001626052,0.0025266018,-0.0046995557,0.00049462536,0.0017341486,-0.0006332172,0.0005911201,0.0017914331,-0.0030963288,0.00028812647,0.00023313657,-0.0015025485,0.0017160802,0.00015381254,-0.0010519976,0.0007913235,-0.0010206432,0.00013303544,0.00010333317,-0.00039007145,0.0018948124,0.0006723587,-0.00021289135,-0.0012088765,2.7274848e-05,-0.00021049648,0.0020293007,-2.1226926e-05,-0.0009060679,0.002769128,0.0032348286,0.0005179677,-0.0034973081,-0.00073018024,0.0020214291,0.00028313606,-0.00047137507,-0.002177955,-0.0019366433,Yaman
-340.7875,177.17615,-72.38444,-28.868128,9.56001,-10.938455,-19.408892,-10.31106,-6.3329444,6.865739,5.934924,-1.4532057,11.504414,6.2342057,4.377904,0.8464711,-2.2809675,3.9801924,2.6671677,-2.1401737,-6.918983,-3.1732664,-8.489668,-2.5012708,-3.5605505,-3.2180986,2.6558933,0.42240748,-3.9112544,-0.05841385,4.8296933,1.4748642,-2.687163,1.8051999,4.7457557,4.806428,2.523851,9.790086,5.5193906,4.4790616,0.30601528,0.14475518,-0.067619346,-0.04724615,-0.014061093,-0.010481095,-0.019364215,-0.010491996,-0.013290098,0.00055980345,0.007054136,0.013635712,0.01784658,0.003036094,-0.0033962335,0.0031295726,-0.006323453,-0.004655613,-0.008449142,-0.008355304,-0.0023698136,-0.0072091804,-0.014215102,-0.008796396,-0.009715528,-0.011849931,0.0019287049,0.015387484,0.008859023,0.0026433943,-0.0018792284,-0.010006334,-0.019497879,0.0013177836,0.011456318,0.016446894,0.008081005,0.007992962,-0.0003444037,-0.0022087418,0.0041090655,-0.006483477,0.0025950496,-0.0048934673,-0.0023787406,0.0034432374,0.00039740783,-0.001654965,-0.0022013227,-0.004019267,-0.0006550923,0.0012630009,-0.002687193,0.00035131976,-0.002089007,-0.0029855904,7.8567406e-05,0.0024530012,0.0011776799,0.0027969007,-0.0009295112,-0.00097181066,-0.00043055203,0.0036309287,0.0028432424,0.0023224524,-0.0006386764,0.00018902711,-0.0029547159,0.0015534067,0.0042009205,0.0007947941,0.003817801,0.00115488,-0.0016501931,-0.0013310069,-0.0033592875,-0.0050804624,-0.00029303913,0.0007487037,Yaman
-389.69717,184.91582,-39.531788,-37.876125,-6.3741326,2.9297988,-5.622701,-0.81259924,-0.1914618,7.414154,9.6979,7.210954,6.2107215,2.6520612,2.9152472,1.0320243,-9.028878,2.8762627,-1.7717147,-3.140585,-2.7061806,2.5013149,-1.5126783,-3.7755566,3.1987073,-2.9692714,-2.725498,-4.143454,-3.7125103,-2.9798806,-4.18558,3.454199,1.8913809,-2.2030547,-5.5482407,-3.9145298,-0.14726527,-11.054168,-2.0952938,-2.915221,0.16403098,0.11299979,-0.009066454,-0.014598399,-0.004548238,-0.0034266897,-0.005521782,-0.00980208,-0.0071348785,0.0062887124,0.0058807624,0.009234449,0.010923095,-0.0013532881,0.00095842715,-0.0014521029,-0.008307782,0.0047206813,0.0016784981,0.0013315413,-0.006690912,-0.005786289,0.00250124,-0.00031840988,-0.0062576807,-0.007583652,0.001118749,-0.0038615197,-0.0052402914,-0.003558808,0.0024697508,0.0059004384,-0.0021431248,-0.005755951,-0.0059331246,0.00053927425,0.0063879006,5.391116e-05,0.008595803,0.016711952,-0.007924822,-0.0051637846,0.0011219347,0.0009977707,0.0010163835,-0.0007930074,0.00088490796,-0.0017184875,-0.0022603704,-0.00010887402,-6.015102e-06,0.00013728207,0.0012811447,0.0020529416,-0.002962352,-0.0025215053,0.0026086615,0.0018448802,0.0012725425,8.4114574e-05,-0.0009662869,-0.0015542743,-0.0010069248,0.0017458666,-0.0010206978,-0.001441687,-0.0013468377,0.0003857993,0.0016948214,-0.0008331064,-0.002284598,-0.0013297518,-0.00022572985,-0.000702891,0.00052644336,-0.00014006067,-0.0026701929,-0.0005281195,7.10343e-05,-0.00024233044,Yaman
-394.03183,179.68594,-39.710045,-38.032063,-10.012668,5.9780746,-1.4464232,1.4852124,-0.2923226,10.616619,10.337696,7.661711,4.6952343,4.892929,0.8883152,7.584185,-9.784614,2.2314785,-8.214485,-9.531923,-4.6439457,5.637297,-1.1378065,-3.4121547,3.9486485,-0.48854667,-3.1958904,-3.536429,-4.192285,-2.6415396,-6.1944447,-4.4521875,-1.3226314,0.2107058,-2.5531983,-5.845863,-1.2831635,-5.509553,3.5564854,6.912501,0.28361088,0.14481865,-0.036942165,-0.031348303,0.0011822336,0.016333042,0.006264217,-0.008451982,-0.0010076661,0.0060453103,0.003950276,0.006172899,0.0011182714,-0.0004479137,-0.012642351,0.009975506,-0.0035385352,-0.002930298,5.7804944e-05,0.00037831956,-0.0069119134,-0.0006146653,-0.0068183355,0.0025215177,0.0004607685,-0.0060945796,-0.0067586736,-0.0053907675,-0.007146159,-0.0004264358,0.0023419287,-0.0017394926,-0.0020443094,-0.003299729,-0.013789439,-0.013500263,0.0007335543,0.0055762986,0.02561302,0.026585234,-0.0012262998,0.0006744796,0.00796584,0.0019755699,0.0019693428,-0.0030430302,-0.001729996,0.0015979303,-9.0963294e-05,-0.0018808973,-0.002516806,-0.0015848164,0.0045361686,0.0012408964,0.0026157133,-0.0022162374,0.002598558,0.0017430483,-0.0001954803,-0.0012592565,0.0011808957,0.0011439476,0.0016961222,-0.00079538656,0.0015725542,0.004432253,0.0020464777,0.00015551988,0.0009055865,-0.0027827066,-0.0046311156,-0.00060230173,0.00080462056,0.0013031088,0.0012486777,-0.0023188433,-0.0016212037,0.0035421678,-0.0017093166,-0.0018303421,Yaman
-437.66946,208.87921,0.31047037,3.1737223,11.651043,-4.442101,-2.6330862,-5.345643,-11.192215,-13.62843,-12.319273,-0.10883145,1.7410867,-3.3292959,-0.33293876,0.20614125,-3.5437129,-5.2491584,-4.8020515,-4.71666,-10.337972,-13.453614,-6.90997,-2.8407452,-3.3541265,-0.6291851,1.8652607,-1.0380338,-4.7046237,-7.192029,-2.758304,2.8868933,-0.057525817,-1.2771112,0.42130083,-2.9805202,-1.4039071,5.876102,-1.5602022,-7.245871,-0.02200968,-0.018380728,0.01089606,-0.005418039,-0.011923955,0.0009055191,0.011159598,0.014590109,0.005299486,-0.006880951,0.004022153,0.010703151,0.014377645,0.01444123,0.0049635353,0.0035829416,0.0031581707,-0.0066967267,-0.002871236,0.0042681145,0.0029284838,0.003942723,-0.0067927963,-0.011339693,-0.003257461,-0.0020317642,-0.004898316,-0.0040289746,-0.0037817194,0.0077327676,0.017174533,0.0020592376,-0.015182409,-0.006650086,-0.00022114968,-0.002355702,0.00403008,0.008620735,-0.0037428897,-0.004295128,-0.055759516,-0.03332108,0.01764982,-0.008786065,-0.006969977,0.008858079,0.006569778,0.0018777964,0.004161502,0.003143543,0.0017353216,-0.0034111042,-0.00045948534,-0.00044376194,-0.0028736873,-0.0011964359,-0.0019235193,0.00027986625,0.0007225507,-0.0026569653,-0.0018460576,-0.00065751537,-0.0042086034,-5.023081e-05,0.00056835404,0.00073654327,-0.0011867399,-0.0006377032,0.0038086274,0.00409049,0.00060667534,0.0005110589,0.0011660724,0.0019175789,0.00048965233,-0.0014297194,-0.0035523442,-0.0021988202,0.0038819346,0.0066599483,Yaman
-449.38864,201.74747,9.530053,6.1381154,14.262525,-6.2273407,-1.7257614,-5.884357,-10.744988,-7.6523004,-10.855974,-7.174529,-1.903464,-4.0733128,-2.826351,-1.6955359,-0.900832,1.8882179,-0.7223086,-3.8149495,-7.8457274,-14.738257,-12.027965,-3.7959297,-0.3629682,1.5581611,0.9287657,-1.8379463,-4.8765717,-9.737165,-7.7080536,0.7363496,2.9742508,1.8253007,1.3302714,-1.3519819,0.17913303,3.9025939,-3.8150437,-11.688941,-0.023749303,-0.011286344,0.02226162,0.015008088,0.015010066,0.011797091,-0.006428128,-0.009429978,-0.0030720737,0.0068733855,0.009373314,0.0016014345,-0.012119906,-0.011260861,-0.012959757,-0.0057124803,0.0066357446,0.00372285,0.0019770185,0.0003842869,-0.0004262571,0.0013220786,0.005051645,0.013839353,0.0048908456,-0.0055053695,-0.0013565524,0.0062613105,0.006673861,0.0048836675,-0.005988881,-0.01255767,0.00054941524,0.0065665836,0.0036800648,0.0066016405,0.0073361304,0.0029678384,0.0077217626,0.005666886,-0.03416446,-0.025053065,0.003478335,-0.006458978,-0.005409794,0.00091121387,-0.00036652904,0.0063223336,0.004820945,-0.001361279,-0.0010751416,0.00039605465,-0.003157685,0.0022655204,0.0003625252,-0.00042452483,0.0027805406,-0.00040720176,-0.00084361585,-0.00070635695,0.0016529586,0.006531015,0.005916516,0.0021595913,8.290568e-06,0.0027829634,0.00065779465,-0.0038472223,0.00036285818,0.0072327014,0.007903479,0.0049814675,0.000562408,-0.003875354,-0.0003057616,0.0027197371,-0.0009870679,-0.0034346557,-0.0028067208,0.0026292938,Yaman
-390.36606,208.32104,-0.3255024,14.408885,22.860016,-3.0221355,-1.3016361,-7.848362,-8.350049,-7.17836,-14.606951,-7.5603294,-4.9555626,-12.0596075,-7.579649,-3.2698288,-2.542155,-1.6022259,-6.0119133,-6.660195,-6.8558874,-14.1615,-7.899454,6.487232,3.7958102,-1.9305947,0.14669174,0.5809423,-3.1164193,-10.0933,-11.049186,-0.10898333,7.416638,3.4324782,-1.1872545,-1.3682755,1.2917298,2.8087745,-2.1098025,-8.6201105,0.051279273,-0.014012172,-0.020726308,0.004706634,-0.0104282545,0.000997797,0.010542982,0.008353118,0.0039910898,0.006078322,-0.0006868346,0.0023259984,-0.0041781394,0.0012049589,0.004806931,0.0073472024,0.00045481592,0.00073145726,-0.0053715105,-0.0051984955,-0.012764085,-0.0057284874,0.005593156,0.0031714416,-0.011695045,-0.0077222926,0.005150132,0.006263356,0.002839983,0.0028879838,-0.00061465916,-0.010361582,-0.0056713335,0.0031818415,0.0022264372,-0.00022193755,0.0048823515,-9.37858e-06,-0.005546161,7.8587305e-05,-0.01570186,-0.02297292,0.01260621,-0.0022642945,-0.010579884,0.0036013932,-0.0039142026,-0.0023556468,-0.0021704019,-0.0030080136,-0.003854245,-0.00048102142,0.00034531916,0.0027360558,-0.0054906458,0.000380569,0.0034962844,0.0040992247,0.0030537315,0.0026165065,-0.0008346504,0.005991206,0.0058794115,0.0014909637,-0.0016036135,0.0015170859,-0.00032641538,-0.0037353928,-0.0020674223,0.001205879,0.0006890344,0.0015363996,0.0037139484,-0.0014838033,0.0009865755,0.0019533827,-0.0029023692,-0.002239424,0.0021587494,0.002914065,Yaman
-346.90216,210.45386,-30.912424,23.339537,13.611459,-9.974868,-3.7528262,-8.236766,-3.800076,-8.851031,-8.173287,-3.7614079,-5.1540017,-6.7944694,-8.826721,-6.344642,-10.497134,-13.029589,-9.5613165,-14.202168,-7.7623405,-3.2400374,-10.288422,-9.760497,-9.5912,-5.991135,-0.9195555,-3.8664625,-0.16572753,3.5649076,-3.952759,-5.1147075,-2.5561874,-2.1258538,-4.221466,-8.856546,-6.686297,-7.005114,-8.450906,-5.3346863,-0.007601602,-0.028850723,0.012250598,-0.0066948966,-0.0036224492,-0.0048813005,-0.0016926918,-0.0022937437,0.004287654,0.020544082,0.0019843404,-0.00030325446,0.0035596963,-0.0075147757,0.0002878909,-0.00033839297,-0.0017612015,0.004028704,0.0015609626,0.0003372053,-0.0015604516,0.0006482993,-0.0046001337,-0.0052387537,0.0033189491,0.007868719,0.010955481,0.0065420433,-0.0023046276,-1.4256218e-05,-0.0008850642,-0.00083557126,-0.00039662485,-0.0022039863,-0.0015999721,-0.0009152207,0.00077955704,0.005283432,0.01451231,0.009841256,0.0067657134,-0.013004242,0.010513527,-0.0039595324,0.0024570446,0.0010315883,-0.0003259272,-0.0017111609,-0.006756258,0.0021418706,-0.0017221619,-0.0023828123,0.0016864701,0.00089747773,0.009824255,0.0067019747,0.0007387722,0.004040646,-0.0012648366,-0.00072707114,0.0021870737,0.0013219726,0.0018695787,-0.0023505958,-0.0028243924,0.0029694724,0.0011428184,0.0006697984,0.00031268827,-0.003036359,-0.00204767,0.0031828745,0.0028739157,-0.0030259534,-0.0010625873,0.0022151396,0.002078318,0.0059795966,0.003432648,0.0012523707,Yaman
-284.12497,194.5744,-41.263157,34.3043,5.6675687,-6.909843,0.023859968,-8.653194,-2.2163632,-7.0752163,-14.509886,-4.4229755,-1.1943476,-2.1102543,-2.7638774,-4.161944,-8.147599,-11.38167,-7.2608757,-15.510664,-11.368349,-1.7016951,-7.725938,-6.11075,-6.579049,-7.590537,-3.8824008,-8.343711,-5.864065,4.326615,-2.758161,-8.551474,-6.5087786,-11.212544,-8.341785,-11.21796,-9.997969,-3.3923578,-4.4618964,-4.0150504,-0.0014293462,-0.04058963,0.016449846,0.003413604,-0.019393852,0.0019818577,-0.014020883,0.00048826277,-0.013440434,-0.002675973,-0.0012703058,-0.0019773038,-0.009190813,0.0019470218,0.012108502,0.003811852,-0.008506341,-0.003918875,-0.0015361671,-0.0061327475,0.015665071,0.010933565,-0.0016794546,0.0028888977,0.0050257174,-0.002918947,-0.010112248,0.0025801468,0.0036683772,0.0058862567,0.0015769432,0.0046119993,0.0041497136,0.001625464,0.007661169,-0.008685199,-0.004256624,0.0019032499,-0.0051004128,0.0029529235,0.006033861,-0.0030185063,0.003989877,0.0036565925,-0.0022378936,0.0013231596,0.0017126775,-0.0019827078,0.0010155048,-3.615085e-05,-0.0011174835,0.0022746397,0.0032390186,0.0002684855,-0.003981189,0.001790567,0.0017571358,-0.0023514247,0.0048281117,0.0061729974,0.00315674,0.003628884,0.0007258877,-9.6094824e-05,0.00021974005,0.0009625049,0.0034900876,0.0028230038,-0.0036251117,-0.0046407157,-0.0039194925,0.0037750416,0.004715897,0.0028882087,0.0043934346,0.00686368,0.0008787963,-0.00034123115,0.0008493496,-0.00054258644,Yaman
-330.38907,198.32092,-27.34998,25.900574,13.362142,-11.251687,-1.9412317,-8.090414,-6.7605267,-8.671808,-10.205659,-3.2640588,-2.325774,-2.965792,-3.659753,-3.8212693,-10.20328,-10.737196,-7.615082,-15.40579,-6.5036225,-0.38738874,-8.488994,-8.195307,-9.91413,-9.838841,-5.261452,-6.14392,-2.9689958,1.3567588,-4.1109586,-5.7709045,-3.7948897,-5.036083,-6.1895266,-9.581763,-5.9895234,-2.0510309,-2.403322,0.59279287,-0.094926104,-0.0031678465,0.0031157918,-0.013839139,-0.007319535,-0.006224793,0.0031288373,-0.008513147,0.0012046532,0.00019540699,-0.0025371031,-0.0038558166,-0.0039499137,0.005758385,0.004829143,0.0049913414,0.0021002558,-0.0024124093,0.012896998,-0.0015013139,0.005129095,0.009859894,-0.00807547,0.002277834,-0.0026907478,-0.005804535,0.00494699,-0.012405996,-0.00072766363,-0.0010184407,-0.00022146173,0.0066147735,0.003367553,-0.0019154901,-0.002594434,-0.0013354606,0.0032583924,-0.008596596,-0.011148341,-0.007576546,0.023973433,-0.014070082,0.015397206,-1.3628713e-05,0.0032661413,0.0025377334,-0.006186382,0.0006639156,-0.0077757537,0.0027317323,0.0025916316,0.0040073874,0.0027418141,-0.0007506646,-0.004061005,0.0033417176,0.0002692195,0.003653216,0.005379155,0.0053235027,0.0035404596,-0.0015720186,-0.0071844463,0.003001611,0.0011460428,0.002269591,0.004222517,-0.0008912476,0.005549506,0.005640912,-0.0017527825,0.0040628975,0.0071407235,0.00241845,0.0022604784,-0.0010290599,-0.0031941638,-0.0016243631,-0.0031252224,0.0054613566,Yaman
-333.2387,215.42279,-26.585592,22.573977,19.69851,-7.174427,0.69317603,-8.261469,-6.745438,-2.2708156,-8.471989,-6.0390525,-4.5247645,-5.8276634,-1.9812299,-4.1751113,-1.5199074,-5.2065177,-11.837162,-5.766377,-8.901024,-14.042193,-7.4977417,-2.0067625,-3.0784016,-3.6552284,-4.198569,-5.9060264,-3.8720028,-7.603876,-10.777049,-1.9785862,1.2036937,-0.83353156,-0.45345035,1.5062753,4.033116,-0.44068688,-5.747897,-9.91054,-0.02661834,-0.023174793,0.0014108013,-0.003629557,-0.008609132,0.0031987247,0.003514296,-0.0024287286,-0.002759591,-0.0019083611,-0.0008243645,0.008668626,-0.001511441,-0.017618965,0.0026359966,0.013886121,0.00829132,0.012894302,0.003306711,-0.0029350314,0.0039585563,0.0052602654,-0.0001571297,0.005913498,0.0045311456,0.004395407,0.008869151,0.003668789,0.0061653745,0.0025055427,-0.005008266,-0.004312631,0.007496905,-0.010784753,-0.032515474,-0.0063158786,0.010533553,0.0034690043,0.004006479,0.0012660678,-0.043728855,-0.010926631,0.022565732,-0.0036906432,0.002575844,0.0059740273,-0.0030057852,-0.0012091753,0.00069045613,0.003055467,0.0013204414,-0.002754316,-0.0012079945,-0.0019890007,0.0032035252,0.014502599,0.008975419,0.0047095465,0.0020776577,-0.002681455,-0.004841153,-0.0028046148,-0.00028350583,-0.00042218398,0.0008055031,-0.0035404314,-0.005254646,0.0046384204,0.006047565,0.0038330574,0.004014729,-0.007846696,-0.007038255,0.0044918023,0.007242359,0.0057798903,0.002297838,-0.0044418103,-0.002387135,0.0070331236,Yaman
-322.14023,199.43816,-24.08742,23.189762,8.76814,-4.698685,1.439153,-14.94671,-6.5196395,-4.8863463,-8.553999,-0.8498753,-5.9832764,-7.38131,-2.9985607,-5.178792,-3.0692198,-9.377062,-8.516894,-2.951523,-14.497109,-9.285617,5.7838397,-1.9967811,-7.305164,-4.674514,-8.368849,-9.371346,-10.916544,-8.081447,1.5657089,-1.7105205,-6.7956624,-1.1430608,-3.7093337,-7.3370676,-7.5989065,-13.97798,-12.425834,-7.164145,-0.034149874,-0.0079805795,0.008134696,-0.008222038,0.004908603,0.005319114,0.0033007714,0.00076148025,-0.009882346,-0.009262795,0.00030311337,0.003906215,0.0073099243,0.00048921036,-0.0050323694,0.0007826886,0.00910779,0.011243874,0.00060205656,0.0087835165,0.010752586,0.0027948746,0.00012431708,-0.007878853,-0.0017442288,-0.0019551276,-0.0013620124,0.0010443049,-0.012531336,-0.009024503,0.00042277115,-0.0042239847,0.0029792583,0.0027253884,-0.008909487,-0.0030734953,-0.0059501114,-0.005158587,0.004650979,0.002278359,-0.01825537,-0.0041429806,0.0056305705,-0.0042937533,0.0029798357,-0.00178852,-0.0047076764,0.006136649,-0.0004712928,-0.0034242691,0.004676553,0.00045955615,0.00039519905,0.0012851224,-0.0003166454,0.001102265,-0.0010044151,-0.0002719732,0.0029743393,0.004412099,-0.001127505,-0.0015384482,0.003586014,0.0021731304,0.0027893593,0.0035569996,0.0008275173,0.00096786226,0.0027257814,-0.00078524224,-0.0010986524,0.0001884446,0.00042260782,0.0030548754,0.0009745983,0.0011904957,0.0014353265,0.0019029315,0.005399486,0.0040730936,Yaman
-320.592,193.44774,-21.99421,18.28648,0.9035604,-2.8653615,-0.4667497,-11.923941,-6.436424,-7.8464346,-8.624007,-0.4077602,-2.166931,-3.5290868,0.4338503,-1.2622874,-0.17874686,-5.119613,-9.549399,-8.9431925,-15.875663,-7.0531726,3.058687,-7.230652,-8.935025,-7.688268,-5.584367,-5.025402,-7.5319667,-2.1832905,-0.045863703,-2.6337273,-2.4210675,-0.954559,-4.233267,-6.585408,-11.20122,-12.569876,-3.5013907,-5.2958684,-0.10766802,-0.026677046,0.04474468,-0.026170505,0.01837569,-0.007518626,-0.014629719,0.0055273646,0.0047138706,-0.015074486,-0.01633827,-0.0054904013,-0.000111557114,0.014886137,0.008464339,-0.0038412162,-0.012376975,-0.0030340685,-0.0018496467,0.0009643295,0.0152079025,-0.0011285824,-0.014556227,0.0013086633,0.0014932425,-0.00045480012,0.015327545,0.012530727,0.013737628,-0.011588178,-0.020515041,0.012859414,0.00048354338,-0.021505883,-0.014522738,-0.0036067702,-0.005844658,0.0029875159,0.012272014,0.016313449,0.006359099,-0.013908723,0.0030479936,-0.00044371467,4.393554e-05,0.0026978627,0.010087578,0.0009321666,0.0023277493,0.0016565062,0.00086084876,0.0019463437,-0.0012050243,0.003320074,0.0028802238,0.002761127,0.007447582,0.0045574503,-0.00068270456,-0.0013116756,-0.0007076077,0.0054755122,0.006078906,0.0052142884,0.0066734776,-0.0003810776,0.0036965772,0.007084918,0.00488109,0.008191124,0.004826861,-0.001700199,-0.00490609,0.00083068473,0.00255935,-0.004357559,0.0027637666,0.011795084,0.005021809,0.0031278902,Yaman
-331.371,194.37952,-12.948091,15.392334,8.045156,-5.119322,-2.6527495,-8.459517,-7.169293,-9.352165,-9.533789,-5.642371,-6.090157,-5.4495597,-3.564264,-5.2367854,-3.7191205,-7.9640374,-6.508194,-4.7162724,-14.538985,-9.711465,-1.1606238,-1.6278198,-2.745377,-4.864416,-6.6339397,-9.13128,-9.455759,-5.1951933,2.2548368,1.9863138,-4.0334578,-2.6537414,-2.4275424,-2.2627165,-1.9877508,-7.345253,-6.284244,-2.2482002,-0.13845491,-0.019563194,0.055323727,-0.008388347,0.021368386,0.004740459,-0.012528265,-0.0033733696,-0.0022735354,-0.0036303706,0.00393099,-0.005265133,-0.013028036,-0.010939149,-0.0018303584,0.0009255591,-0.008443616,-0.0055006165,-0.003926623,-0.0010156396,0.025421148,0.009941412,-0.0058366726,-0.004357681,0.002566637,0.009720245,0.009714718,0.004148128,0.00040372246,-0.0005653811,-0.0023920706,0.00282478,0.0004902706,-0.0103455875,0.0020922003,-0.0010961547,-0.010401755,0.010373432,0.002016619,-0.001072704,0.0015507519,-0.0029760075,-0.0030638499,-0.0023511702,-0.0015150553,-0.0015445256,-0.0024619754,-3.3416505e-05,0.0028981671,0.0034114246,0.00083507557,0.0016221384,-0.0005229858,-0.00036250558,0.00027124883,-0.00023783918,0.0023573637,0.0034159445,0.0001077609,-0.001932094,0.00045166234,0.003594055,-0.00088251854,-0.0031868222,-0.0003579508,0.002832617,0.0030980208,-0.0012291912,0.00011767271,0.0026898324,0.0011633376,0.0028783865,0.0026822833,0.0037841382,0.003397534,0.0006041521,0.00072217244,-0.00082295336,0.0017834923,0.0028819854,Yaman
-394.57788,180.99374,12.648833,8.489934,17.265839,-2.018311,-7.12453,-6.8986,-2.4168465,1.1728086,-4.923305,-7.819627,-4.4057393,-3.1018398,-2.1486235,-2.5353575,-2.0082853,-3.3551853,-7.526001,-6.3368974,-7.0765047,-11.140656,-10.001254,-7.0911446,-5.041252,-4.346751,-5.5986176,-4.6333427,-2.605479,-4.518557,-8.205043,-7.3488574,-2.8371787,0.43544134,1.9656128,0.6933052,-1.6122286,-1.5258086,-3.9903715,-10.468213,-0.11366859,-0.04692841,0.032054912,-0.009808566,-0.0001266909,0.0058711814,0.0065976838,0.006655329,-0.0032931657,-0.0007231302,-0.005960825,-0.009788305,-0.0067868102,-0.0009962497,0.004101212,0.006627884,0.007988167,-0.0031340285,-0.0072367815,0.002619594,0.006144806,0.0097736195,0.005294603,-0.010375512,-0.005149334,0.0029782378,-0.0063598743,-0.00089952955,0.00810427,0.011843995,0.012634299,0.0005494385,0.0008722351,-0.0003602915,-0.0014874559,0.010968649,0.0063416692,0.0006400302,-0.0018311542,-0.008272949,-0.024444632,-0.0075675272,0.0068369284,-0.0065766056,0.000923999,0.0052256905,0.003008644,0.00041702678,-0.0030571874,-0.0020220545,-0.003378473,-0.0034280694,0.0005124406,0.0045923335,0.002625034,0.0031399447,0.007572746,0.00503208,0.0023864354,0.0025339227,0.0020347012,0.002126616,0.0023693342,-0.00173453,-0.0016174462,0.0040060394,0.0010658712,-0.00010502173,0.0024640393,0.0023016287,0.0030639756,-0.0010441897,-0.0019207561,2.5027728e-05,-0.0016487839,-0.00020737662,0.0024910958,0.0034508728,0.0021973406,0.0014541678,Yaman
-344.198,119.50104,12.066472,10.194638,-6.14688,1.0187645,-8.008769,-1.3474176,-9.070486,-2.7874584,-5.2916355,-0.7456207,-5.762812,-4.4303293,-9.590143,-6.3382764,-7.670807,-4.6031156,-6.073286,-4.098149,-10.555464,-3.2588892,-4.0239277,-1.5664127,-3.465956,-1.2690347,-7.280394,-5.4767256,-8.089994,-4.519295,-5.012139,-3.7417333,-6.4780493,-1.7245036,-4.304162,-1.8946848,-5.0628057,-2.6305556,-5.179153,-3.3755374,0.26359165,0.08551922,-0.0049837884,0.0004059543,-0.011301506,0.005254594,-0.00535158,-0.0031914872,-0.0017062945,0.009539925,0.0050134505,0.002305481,-0.0036078612,-0.013313488,-0.019262,-0.013754582,-0.007839714,-0.004766535,0.0014284666,0.010444378,-0.0003527075,-0.0008825402,-0.0043535186,-0.0035118214,0.0013187035,0.006936802,-0.0018258543,-0.0034264596,-0.015205142,-0.009678889,-0.0061001116,-0.004180308,-0.0035774882,-0.004329605,-0.0016502182,0.0022976277,-0.008522714,-0.00022936075,-0.0039686454,-0.004260851,-0.0057950644,-0.00433996,-0.002488889,0.0013632701,-0.0056900466,-0.005190879,-0.0037150257,-0.0033755286,0.00831391,-0.00090040546,0.0010618913,-0.004535395,-0.0025662754,-0.0026776395,0.003163557,0.006156232,-0.0019696064,-0.0029982394,0.002983836,0.0023881486,0.0020076933,0.0019395032,0.0004758262,-0.00025360734,0.0023983964,0.00046327178,0.0016791706,0.0027719913,-0.0018655692,-0.0009654987,0.002177788,0.0028097015,0.0019668464,-0.00027965117,0.00066208304,-0.00076900865,0.0019397142,0.0010203946,0.0014495074,0.0040733204,Yaman
-313.16074,129.38058,18.008436,15.42396,-5.7716084,3.0368145,-7.791635,-1.0984006,-7.314804,-3.1607084,-6.703279,-2.2342966,-5.349889,-2.170275,-6.8249216,-4.9806485,-7.7845306,-3.7741678,-7.805509,-0.30392328,-6.63181,-5.770498,-6.825445,-3.1230562,-8.935151,-4.392678,-5.0487475,-3.0889175,-7.3132157,-4.18263,-7.999358,-1.5519425,-4.6990776,-1.5617405,-3.668492,-0.74451196,-3.1586926,-0.8061387,-4.3144403,-1.9293982,-0.03913832,0.013292825,-0.012957184,0.00728488,-0.000419759,-0.017627902,-0.025911467,-0.014962994,-0.00017474209,0.006615079,0.0006260635,-0.023776991,-0.018059023,-0.01605463,0.0038651484,0.005503503,0.012684111,0.0046897205,0.00019124498,-0.0103882225,-0.00079703744,0.014220692,0.0052126716,0.0055910265,0.003502195,-0.0022880798,0.00320659,0.0024242823,0.005505845,0.006209839,0.0063429875,0.0019803364,0.0005645934,0.006792879,-0.0013504482,-0.002644157,-0.013154865,-0.0059789564,-0.0018491907,-0.0034724697,-0.03594363,0.0036621809,0.007017,-0.011800245,-0.0011127527,0.0063453717,0.0019182791,0.009126295,-0.0013278569,-0.00016123337,0.0060741715,0.001960255,-0.002585107,0.006786204,0.0065779043,0.0025712098,-0.0022110469,0.0010202395,0.0046050656,0.005383989,0.0044671306,-0.004279714,-0.0016120404,-0.0017508853,0.00088619447,0.0016356248,0.0036398745,0.0035260543,0.0034607258,-0.00013736842,-0.0009242631,-0.00024411108,0.002834853,-0.00015785213,0.00032392744,-0.0009934958,0.0024726964,0.0041870433,0.0071560983,0.002556347,Yaman
-359.79504,126.43617,16.205511,13.648729,-8.968399,1.7654307,-9.873515,-0.22120003,-6.880309,-2.582531,-6.9810815,-1.5882083,-6.1818514,-2.2822568,-5.507218,-1.5265683,-5.7300854,-1.8172268,-7.7464175,0.61661035,-7.226554,-4.9760714,-4.563367,1.1718869,-8.139246,-3.6794426,-4.613698,-2.1107814,-6.20866,-1.526798,-8.172563,-2.9701238,-6.260168,-2.8399901,-3.063769,-1.1350974,-5.3363175,-3.6757705,-5.338862,-2.2577794,0.020024667,0.013991695,0.0023778176,0.017748231,0.008114793,0.023027543,0.018083284,0.008501932,-6.8651854e-05,0.0043921014,-0.0029631944,-0.008031922,-0.0010962938,0.0007261574,0.008201185,-0.0011326153,-0.011459362,-0.002845721,-0.0010749166,-0.0014254341,-0.007163962,-0.0009062558,0.007804901,-0.00049010606,-0.003255141,-0.0013317607,-9.771847e-05,0.0015309538,0.0015392919,0.001982152,-0.009288616,-0.008646828,0.0026477615,-0.0015334265,0.0014099524,-0.0033283515,0.0033525962,0.002346177,-0.00048200056,-0.000104909115,-0.07762749,-0.005744123,0.009673352,-0.0030854824,0.0028287838,-0.0051053986,-0.000104964485,0.001364007,0.005557564,0.0043939594,0.0076865475,0.0069700684,0.0059350575,-0.00026579297,0.0034677142,-0.0029739935,-0.0016265165,-0.0037024014,0.0021092019,0.0020294597,0.0021200953,-0.0021822813,0.0011224694,0.0026551853,0.0037197715,0.0012840417,0.000538064,-0.00093969,0.0010792239,6.7876994e-05,0.0022422413,0.0023747396,0.00031247895,-0.0024737956,0.0013484089,0.0067753396,0.003835234,-0.0032095346,6.030738e-05,-1.4871712e-05,Yaman
-350.90833,54.200253,-5.9855824,46.222717,-13.68167,-1.6696676,3.3822095,1.3188686,-2.1588852,6.755217,-3.8507075,-7.892626,-8.760021,5.5296946,-6.959347,-3.789575,-0.30558428,-3.0690122,-5.115451,0.8669865,-9.100554,3.4281957,5.3122907,8.3733835,14.775121,15.359418,3.3922997,15.81906,1.0562687,9.299191,8.810782,1.6395712,3.3735209,-1.3255403,0.81732637,4.5635343,-0.30700696,0.4202868,-5.7945204,-0.8940337,0.057605155,0.04522975,0.0022953637,-0.01685135,-0.019125205,-0.013774285,-0.0057899333,-0.012099061,0.0030106765,-0.00158035,-0.014372299,-0.0064323326,-0.004416515,-0.013162159,-0.0125364065,-0.004037337,-0.012670327,-0.006680202,-0.009020569,-0.0037107747,-0.0058546285,-0.0053965477,-0.01157758,-0.009530518,0.007167141,0.003912484,0.009136496,0.031123033,0.011142847,0.013367538,0.009016619,-0.011148906,0.00065182504,-0.0104188435,-0.00047821994,-0.0016469462,0.003069142,0.0030707505,-0.0005898914,0.00028418034,0.03041594,0.019169118,-0.0006339256,0.0065927096,-0.0032386472,-0.0042820764,0.0013969258,-0.0059100217,-0.01170202,-0.0024058935,0.0026607201,-0.0017564477,-0.0022991574,-0.0045324815,-0.0062653534,-0.0011885058,0.0018865804,-0.0027916757,-0.0016633493,-0.00459293,0.005234489,0.0027348802,-0.009451002,-0.0025986503,0.01008453,0.0010046944,-0.0031441522,-0.011177046,-0.005608677,-0.00064115186,-0.003230983,-0.00010568857,-0.0014210193,-0.0014803641,-0.00463837,-0.0031507388,0.0049011335,0.0012485142,-0.0014934308,-0.0027797134,Yaman
-350.8698,70.6717,-22.418219,57.375942,-8.688262,1.527577,-7.3702765,8.637897,-13.293056,10.969949,-2.3428674,4.481373,-18.316093,0.74831086,-2.0045342,-2.559771,-9.353737,2.6315606,-7.861682,0.6930947,-1.7318947,-5.413689,-5.9203935,-0.60328144,-5.3687086,1.0101568,11.652245,3.3738844,15.873356,12.327236,5.510312,9.169375,5.310659,5.6808586,11.556611,0.6898425,5.1738234,-2.2525225,3.5223064,2.6784275,0.04522638,0.03814323,-0.0057784645,0.0003259474,-0.0071480353,-0.043057505,-0.03778301,-0.011960531,0.0008506491,-0.008865139,-0.0052054278,0.010741605,-0.002434257,-0.0081642205,-0.00088746875,-0.0065628397,-0.009883215,-0.012703852,-0.0020448025,-0.0047020703,0.0028643066,0.004219571,-0.014779502,0.0010872098,-0.0031646043,-0.004906385,0.0054227705,-0.021071108,-0.016808078,0.0062264097,0.0046060733,0.01387824,0.021506857,0.019499026,0.01575573,-0.003799218,-0.015165138,-0.01260244,-0.00023347829,0.008854626,-0.022893555,0.0033390364,0.006645204,-0.008221176,-0.0041858465,0.0057126964,0.0022346214,0.0067167296,0.0068369065,-0.0061737616,-0.00063303317,-0.0018868203,0.0008200788,-0.0023062117,0.0015225933,-0.0001818698,0.0055783945,0.006360314,0.0036801903,0.0027599838,0.0041189673,-0.005802033,-0.0035547512,0.0046563717,0.0018665008,0.0021139379,0.0024429192,0.0016554756,0.0010419447,0.0013943135,0.0005583763,-0.002015048,-0.005243121,-0.011124081,-0.009463877,-0.0043704836,-0.0037472697,0.0041120197,0.0010088427,-0.00069273775,Yaman
-350.79074,57.995174,-4.66529,45.527702,-16.01792,-0.5571346,1.211506,-1.47491,-2.0323625,5.536789,-6.3387704,-9.617909,-6.298915,5.0059357,-9.295675,-0.6197797,-3.3307369,-3.522196,-4.904298,-2.7492654,-6.1799836,6.8748417,5.8865848,11.334065,15.190705,11.443531,5.769213,13.819207,-0.24896085,11.64117,4.2381296,2.1984274,1.0942887,-1.9919637,2.7236438,3.286205,-1.570392,-2.775764,-5.7879715,0.68200326,0.06403404,0.044280674,0.008437197,-0.0144568235,-0.05506469,-0.033917338,-0.0029423232,-0.023641134,-0.008367994,-0.000761169,-0.015145147,-0.00459566,-0.015165302,-0.0027316408,-0.011930683,-0.011646493,-0.016511083,0.0038381426,-0.0035885745,0.000915392,-0.012131307,-0.008789935,-0.010102678,-0.014673561,-0.0055873645,0.005599435,0.020133827,0.032528017,0.011381257,0.013136551,-0.00388477,-0.013100545,-0.0027484668,-0.004500647,0.007946045,-0.0068054358,-0.0127258925,-0.010372234,0.006796545,-0.0010796359,0.007917182,0.0332835,0.008854495,-0.009068108,-0.016390406,-0.011799433,0.00038368037,0.010008486,-0.01427853,-0.011841004,0.004445428,0.0044161864,-0.002471138,-7.7792516e-05,-0.0010944691,-0.0004807846,0.0049100593,0.0014523868,-0.0050946805,-0.0017573469,-0.0017445597,0.0087465085,0.007795132,-0.0019028207,0.004048865,0.0021068996,-0.00463587,-0.00052976527,-0.0028108256,-0.0033655341,0.0037144874,0.0015203129,-0.0033477694,0.0010236308,0.0020764412,-0.0027412798,9.216749e-05,0.0029296088,0.0013517633,0.0011216631,Yaman
-351.77014,59.812706,-7.0227585,47.445942,-14.831781,-1.6869446,4.201034,-0.20938568,-2.233563,6.236043,-1.8910716,-7.3565264,-11.46987,5.45902,-7.0719824,-3.7083888,-1.6856419,-3.203629,-4.4159307,-0.22657852,-9.892291,3.8822045,3.3326135,6.7867723,13.747366,16.04691,5.9286637,15.75878,1.8636439,6.7832108,8.919922,3.863942,6.631288,-0.7370026,-0.06553793,5.0915546,-0.0047237636,2.611032,-7.3344116,-0.6587268,0.04832045,0.021471268,0.007094656,0.040574916,-0.011106344,-0.023223484,0.0014304869,-0.022038814,-0.013805695,-0.014049021,-0.0072815707,-0.004166043,-0.011883826,-0.003507496,-0.007402332,-0.0007920399,-0.0032394782,-0.0068405876,0.0019047618,-0.0037705526,-0.0037626517,-0.00084170175,-0.0134734195,-0.011482885,0.0026669085,-0.0019501329,0.008559767,0.010471189,-0.0013737336,-0.0023370385,0.010583749,0.0095256865,0.010475451,0.0014733277,0.006756421,-0.008964591,-0.005670854,0.004957443,-0.0008195311,-0.0014375795,-0.0015296706,0.01797725,0.0028340162,-0.008630926,0.0026806882,-0.00710475,-0.0036657448,-0.0043047955,-0.0032676193,-0.0026635607,0.0010373506,-0.0029494378,-0.0041818237,-0.009923334,-0.0058234087,0.00015843063,-0.0019114676,0.0014493236,0.0005330017,0.004962911,0.0034338646,-0.0016559314,0.0029425207,3.507901e-05,0.0015323313,-0.0027153632,-0.0021269028,-0.002917195,-0.0018055097,0.00036346354,-0.008284037,-0.0068389997,-0.004030524,-0.0050133704,-0.0024463919,0.0015722525,-0.00024642516,0.00086168107,-0.0019668937,-0.0039466317,Yaman
-361.4685,61.157467,-2.1674569,50.10407,-8.948852,-1.2400469,2.5885797,-1.7260509,-3.080941,7.8348746,-3.651193,-6.8353,-12.070982,3.2222385,-8.542769,-6.174746,-0.66994673,-4.0733647,-5.1205673,1.4736927,-12.412045,-2.3990102,-2.4647121,-0.6398247,7.466254,13.494705,8.000554,20.383883,7.1651654,7.3675747,8.429276,6.23439,9.516857,4.025222,-0.4328729,1.1627284,-1.3456525,4.9325943,-1.753195,0.086844705,0.02209431,0.020784415,0.019318419,0.051155936,-0.008054168,-0.029783411,0.00011277593,-0.015886825,-0.019929321,-0.0075824545,-0.001806514,-0.007221659,-0.017472249,-0.003970615,-0.003244856,-0.0123741515,0.0076815523,-0.0049852626,-0.0021861854,0.0021958982,0.0008560541,-0.002729295,-0.0046281223,-0.0009259869,-0.0038786407,-0.0013805999,0.0018557819,-0.0044736387,-0.008612921,-0.00869971,-0.016804377,-0.0131620215,-0.0103378715,-0.003929964,0.0014446393,-0.0033249285,0.005794165,0.009838022,0.0040849475,0.015678471,-0.028462127,0.00024390352,-0.004490679,-0.0075219497,0.003478631,-0.00042275852,0.01127955,0.005109713,-0.0050419453,0.0081661735,-0.0022882635,-0.0033397235,0.0056091887,0.0011752469,-0.00012641061,-0.0023529683,0.0020274674,0.0029378324,-0.0024156533,0.00073683227,0.007003704,0.00066417933,-0.0011108461,0.00091548794,0.0049276142,-0.003368315,-0.0028971857,-0.0026567036,0.0020072851,0.003749761,0.005003498,0.0007705979,0.0025882893,-0.0011148644,-0.0038984728,-0.0021250288,0.0014039995,0.002991853,-0.00077873026,-0.0049118614,Yaman
-422.9371,202.93167,1.7103617,12.2345,18.946272,-4.423831,-8.919592,-9.683094,-7.3006916,-7.8286195,-7.75933,-5.188464,-6.6414714,-7.0302143,-4.145435,-7.7031465,-7.667464,-5.135151,-8.422095,-2.6954923,1.486533,-2.764761,-2.0803277,-3.641914,-7.274054,-3.5702496,1.4877418,0.24791268,-4.647285,-7.0866227,-6.5350866,-3.6108336,0.3100937,-0.45852685,-2.2476134,0.081336685,-1.3200278,-4.529953,-2.884838,0.7790811,-0.053673524,-0.02921316,0.034909837,0.004223774,-0.009382451,0.007941698,0.00602751,0.008326916,0.010133641,0.007085003,0.0018946895,-8.486057e-05,0.005246162,0.017509392,0.012244513,0.014483557,0.008438183,-0.007915322,-0.014561683,-0.004952127,-0.005309867,-0.013228737,-0.02125173,-0.012222594,-0.0041028373,-0.0055134837,-0.008810627,0.00443243,0.012614559,0.0075113275,0.0042870957,-0.002405333,-0.0038288396,-0.0063450364,-0.00014464262,-0.00011346042,-0.009453078,-0.007972593,0.0002734475,0.0009594734,-0.008271725,-0.013085319,0.0025672393,-0.0015230257,-0.0032025734,0.0010069059,-0.0027595363,-0.0025461693,0.00061452115,0.0029234176,-0.00044120548,-0.0006746802,-0.0025825214,0.0027884291,0.00075399637,-0.0038995696,-0.0021771947,0.0070824353,0.0076196217,-0.0008880562,-0.006841483,-0.00086432596,0.0037374722,0.003440124,6.875104e-05,0.0027553367,-0.00040704932,0.00019194999,-5.8062065e-05,-0.0015181709,0.003786408,0.0053037433,0.004588887,0.0028545337,0.0066543724,0.0043420023,0.0020916061,0.0037346052,0.0038648578,-0.0005151386,Yaman
-394.07495,177.72011,8.657617,9.886429,13.593239,1.167803,-11.301063,-13.795641,-9.840314,-11.893965,-10.877401,-2.318687,-8.509985,-9.776825,-4.7266755,-4.796463,-0.8407658,-2.374549,-4.361679,-1.8090329,-2.7718554,-2.3321362,0.5679381,0.750999,-0.95545095,-1.0961914,2.2457654,-1.0014032,-9.697845,-10.934875,-6.297927,1.8237839,3.4912195,-0.3640635,-1.2409567,-5.421411,-3.2562575,4.2646937,1.0917772,-7.1096663,-0.022137491,-0.018514752,-0.0028762291,-0.008447131,-0.001026074,0.017184572,-0.0025822774,-0.025769299,-0.011827289,-0.00015079146,-0.007551429,-0.00075117213,0.0066425293,-0.0076062707,-0.010635579,-0.0021747195,-0.005739976,-0.0038986336,0.0017897555,-0.0057378053,-0.010799501,-0.00093182374,0.017637901,0.02512601,0.014378495,0.009983273,0.011191832,0.0054940484,-0.0013160943,-0.0029314263,0.005093042,0.0148672685,0.015946789,0.011680384,0.0002912895,-0.004779659,0.008748263,0.0044351853,-0.0158644,-0.011031994,-0.018292844,-0.011162381,0.006431308,-0.0019113303,-0.008457627,-0.0004644188,0.0037069342,0.00842461,0.01167591,0.0077751074,0.00031455237,-0.0012723872,0.004081918,-0.0011812106,-0.0074413684,0.00074413075,0.0030747997,0.000110100314,0.007659146,0.010069194,0.002426548,-0.0021225647,-0.003674193,-0.005442475,-0.0045530666,0.0015448772,0.0032777775,-0.00072143803,-0.00056253397,0.0024975815,0.0015987551,0.0018476112,0.003406621,-0.00019750188,-0.0021801633,-0.0020916427,-0.0055562295,-0.004863386,0.00277866,0.0056336555,Yaman
-397.5779,205.88878,11.647454,8.414178,20.989834,-2.7916763,-9.007805,-10.398489,-11.876768,-11.078277,-9.042896,-3.9553442,-3.9442961,-5.9970765,-3.9540758,-5.2359085,-5.4535007,-4.4108872,-7.1427064,-3.8061883,-1.2477689,-5.9888587,-4.750129,-0.20514588,-1.7544538,-1.5294486,3.1663918,1.9594332,-3.9847286,-7.65108,-8.4670925,-4.2028856,0.7514096,0.14738366,-1.4189979,-3.303924,-5.5992827,-1.5515918,3.5990736,0.7871961,0.09732755,-0.024899045,-0.004992639,0.024241358,-0.020312237,-0.010306726,0.0049450253,0.022632485,0.010105123,0.016155967,0.0056394325,-0.0006837562,-0.014892583,-0.00974416,-0.003417787,0.0050818906,0.0036583657,0.0121132275,8.725509e-05,-0.0049081864,-0.004894501,0.011243852,0.010698805,0.001665301,-0.0032315743,-0.0126806,-0.012990001,-0.00010870626,0.004111402,0.0005600227,-0.0010394818,-0.0027132463,0.0046475837,0.0018631063,-0.0026782048,0.0031651945,0.007481489,-0.006149725,-0.0038064122,0.005412575,-0.0027989303,-0.03542606,0.00891292,-5.9004204e-05,-0.013346394,-0.00016694001,-0.00030706308,0.0009391944,-0.000513603,0.0015902064,-0.0050572827,-0.0065055955,0.00021557372,0.010707287,0.0068877675,0.004755166,0.004106774,0.0025575096,0.0011403847,0.007884769,0.0023881893,-0.00065967994,-0.00035858198,-0.0008366343,-0.0018803233,-0.005754271,-0.00397772,-0.004837369,-0.0052862465,0.0041891504,0.0068868184,0.001247816,-0.0051897937,-0.0075559583,-0.007492459,-0.0018030833,0.004737114,-0.002285197,-0.003156208,0.009456246,Yaman
-354.86697,166.86937,0.18821116,10.627766,2.622139,-5.493391,-6.0401797,-10.347777,-10.999453,-8.780123,-8.054566,-2.8278587,-5.4514227,-4.1695266,5.7404785,6.9021134,6.5923023,-1.7141435,-13.9921875,-16.283989,-13.317962,-3.3159058,1.4773014,-6.601735,-8.431207,-6.1258597,-6.745238,-6.442679,-4.967443,1.3246746,7.0697384,5.3872156,-0.99442834,-2.5459132,-2.298383,-7.8736567,-11.588697,-5.3905206,-4.215487,-10.186828,-0.06015379,-0.03546033,0.011114985,-0.0020816668,0.005144291,0.0011063415,-0.010690673,-0.0003798311,-0.0079403175,-0.0015733796,0.0024330437,-0.0046427012,0.006898417,0.012422258,0.0039051902,0.0035350984,0.0033364655,-0.0047058533,-0.006518442,-0.0062681586,-0.0010944452,0.0006944585,-0.005451622,-0.0017622968,0.003915229,0.0006339873,0.0020358574,0.009040797,0.0038082532,-0.0122573655,-0.011742081,0.005058484,0.008990674,-0.0016173268,-0.00733328,-0.0037019257,-0.009061462,-0.004923194,0.014262677,0.0054106466,-0.013044279,0.0036492413,0.000103109865,-0.004188812,0.0032139174,0.0017687083,0.004310433,-0.0002195462,0.0009585971,0.002010184,0.0008995928,-0.0015461039,0.0019332902,-0.00046423502,0.0004073336,0.0012142707,-0.00070839556,0.00080723676,0.003199417,-0.00050081016,-0.0003497641,0.0012378116,-0.00081241794,0.001313578,9.435989e-05,0.0037855573,0.0026784164,-0.001555456,0.0014016518,0.0027052748,0.0038500638,0.0012941214,-0.00049373164,0.0019470633,0.0029585208,0.0012694498,0.001151983,0.0040242434,0.0012934237,-0.0015718081,Yaman
-413.1513,189.32983,8.224241,6.7808332,9.300115,-3.996884,-1.7856779,-4.183908,-11.90659,-13.527235,-12.630591,-1.3797314,1.6834508,-2.188012,1.8913698,-0.67936134,-4.826321,-3.6111135,-8.160439,-15.721381,-21.161688,-12.879299,-0.08992338,0.7593196,-2.0067902,-3.1747508,-5.34329,-4.647202,-5.608775,-6.2113543,2.415174,5.3706365,0.040598456,-0.8883497,1.4023223,-1.1323289,-3.4121141,-4.715197,-4.5909057,-0.82961637,-0.004271732,-0.01353897,0.0025023972,-0.015878122,-0.020783847,0.016786799,0.015548051,-0.015273027,-0.0043991967,0.0012520859,-0.0042559095,0.019055624,0.02223856,0.0059982575,-0.0032119998,-0.025475617,-0.021765565,0.004134887,0.00023740297,-0.01514472,-0.016121842,0.0013205027,0.013272375,0.004074728,0.008903135,0.011427565,-0.003348546,-0.0027761257,0.0006980171,0.0038753378,0.007408725,-0.012302721,-0.012753626,0.0086840745,-0.0067342855,-0.003987987,0.016556889,-0.006719207,-0.0041408907,0.012365772,-0.026158366,-0.019381857,0.01860271,0.009511955,0.002909561,0.0012825077,-0.00019690765,0.0021707152,0.0008136923,0.0015590093,-0.0018695192,-0.0022443864,0.0062541645,0.0047272043,0.0035460263,0.007563048,0.003555985,-0.0027244415,-0.0021476375,-0.0004935571,-0.0017084375,0.0012709348,0.0030657144,-0.001213409,-0.001282598,-0.0015587853,-0.0025677145,-0.0036374414,-0.003583483,0.004419163,0.004836216,-0.0013562238,0.0014216858,0.0030896422,-0.0015018635,-0.0024681157,0.00033415225,0.004085169,-0.00054282096,-0.005064224,Yaman
-474.66547,195.1649,9.935979,0.2095156,7.6461644,-3.4271526,2.0938938,-2.5444775,-8.726804,-14.118111,-15.013283,1.9113258,12.971785,9.875783,5.4785533,-2.4967692,-10.688215,-10.723106,-3.1135046,-1.4977441,-14.146629,-20.860754,-9.252535,2.5778432,3.5470405,3.2884352,4.4789896,-0.6300969,-9.689403,-10.364503,0.6810698,6.3259144,-1.7504735,-4.9005084,-1.1989697,-3.718363,-0.15460429,7.9544573,0.76961076,-5.547734,-0.033038013,-0.015319748,0.0045502116,-0.017904421,-0.0035765613,-0.0021559142,-0.008356264,0.0145263,0.006041746,-0.01156722,-0.0018017155,-0.014117724,-0.015372306,0.0075717024,0.0073130885,0.00034974137,0.0042673624,-0.004061923,-0.012038752,-0.00018315807,0.012088009,0.011637425,-0.0073551256,-0.009059779,-0.0018131995,0.006272717,-0.0037784253,-0.00080991915,0.017946448,0.016174074,-0.007971094,-0.007860923,0.01715552,0.01194795,-0.008592002,0.0024223186,0.012959855,-0.0049126,-0.004338292,0.0020762726,-0.034164093,-0.021804493,0.012002159,0.0074766995,0.0040234523,0.0034354972,-0.0014440954,-0.0029058272,-0.0012620199,0.0032311385,0.0042835684,-0.0014397888,0.001122241,0.0022721677,-0.0007820587,0.00067979144,-0.0010576677,0.00079557975,0.0015115963,0.0005518931,0.0010088374,0.0031990015,0.00072677125,0.002642687,0.00083721767,-0.0015852753,-0.004161374,0.00038521594,-0.00060380576,0.00053419394,0.0044898265,-0.0006861349,0.0009313464,0.0035310278,0.0024755402,0.002784446,0.0032079783,-0.003188879,-0.005746749,-0.002181558,Yaman
